date,excaus
20100101,
20100104,1.0377
20100105,1.0371
20100106,1.0333
20100107,1.0351
20100108,1.0345
20100111,1.0317
20100112,1.0374
20100113,1.0319
20100114,1.0260
20100115,1.0287
20100118,
20100119,1.0325
20100120,1.0477
20100121,1.0483
20100122,1.0561
20100125,1.0582
20100126,1.0669
20100127,1.0657
20100128,1.0584
20100129,1.0652
20100201,1.0651
20100202,1.0607
20100203,1.0608
20100204,1.0735
20100205,1.0727
20100208,1.0692
20100209,1.0690
20100210,1.0667
20100211,1.0522
20100212,1.0529
20100215,
20100216,1.0427
20100217,1.0455
20100218,1.0450
20100219,1.0419
20100222,1.0428
20100223,1.0517
20100224,1.0551
20100225,1.0675
20100226,1.0520
20100301,1.0421
20100302,1.0325
20100303,1.0286
20100304,1.0307
20100305,1.0284
20100308,1.0286
20100309,1.0249
20100310,1.0241
20100311,1.0262
20100312,1.0187
20100315,1.0216
20100316,1.0147
20100317,1.0110
20100318,1.0139
20100319,1.0153
20100322,1.0193
20100323,1.0176
20100324,1.0268
20100325,1.0188
20100326,1.0283
20100329,1.0201
20100330,1.0189
20100331,1.0156
20100401,1.0073
20100402,1.0110
20100405,1.0025
20100406,1.0001
20100407,1.0028
20100408,1.0019
20100409,1.0055
20100412,1.0015
20100413,1.0029
20100414,0.9960
20100415,1.0013
20100416,1.0145
20100419,1.0199
20100420,0.9984
20100421,0.9983
20100422,1.0014
20100423,1.0026
20100426,1.0009
20100427,1.0169
20100428,1.0125
20100429,1.0052
20100430,1.0112
20100503,1.0134
20100504,1.0215
20100505,1.0264
20100506,1.0437
20100507,1.0423
20100510,1.0245
20100511,1.0193
20100512,1.0197
20100513,1.0148
20100514,1.0343
20100517,1.0400
20100518,1.0329
20100519,1.0510
20100520,1.0656
20100521,1.0564
20100524,1.0587
20100525,1.0776
20100526,1.0647
20100527,1.0491
20100528,1.0497
20100531,
20100601,1.0476
20100602,1.0404
20100603,1.0413
20100604,1.0516
20100607,1.0537
20100608,1.0517
20100609,1.0395
20100610,1.0336
20100611,1.0329
20100614,1.0251
20100615,1.0287
20100616,1.0236
20100617,1.0283
20100618,1.0237
20100621,1.0197
20100622,1.0201
20100623,1.0390
20100624,1.0429
20100625,1.0369
20100628,1.0337
20100629,1.0531
20100630,1.0606
20100701,1.0622
20100702,1.0647
20100705,
20100706,1.0497
20100707,1.0525
20100708,1.0410
20100709,1.0328
20100712,1.0377
20100713,1.0281
20100714,1.0304
20100715,1.0401
20100716,1.0536
20100719,1.0557
20100720,1.0526
20100721,1.0422
20100722,1.0373
20100723,1.0376
20100726,1.0312
20100727,1.0357
20100728,1.0356
20100729,1.0368
20100730,1.0293
20100802,1.0227
20100803,1.0219
20100804,1.0184
20100805,1.0154
20100806,1.0272
20100809,1.0266
20100810,1.0347
20100811,1.0455
20100812,1.0433
20100813,1.0400
20100816,1.0429
20100817,1.0311
20100818,1.0286
20100819,1.0397
20100820,1.0499
20100823,1.0512
20100824,1.0563
20100825,1.0640
20100826,1.0545
20100827,1.0547
20100830,1.0561
20100831,1.0640
20100901,1.0497
20100902,1.0520
20100903,1.0411
20100906,
20100907,1.0426
20100908,1.0359
20100909,1.0323
20100910,1.0357
20100913,1.0277
20100914,1.0219
20100915,1.0281
20100916,1.0274
20100917,1.0331
20100920,1.0280
20100921,1.0314
20100922,1.0325
20100923,1.0307
20100924,1.0262
20100927,1.0260
20100928,1.0305
20100929,1.0300
20100930,1.0293
20101001,1.0214
20101004,1.0235
20101005,1.0169
20101006,1.0073
20101007,1.0167
20101008,1.0138
20101011,
20101012,1.0111
20101013,1.0028
20101014,1.0036
20101015,1.0108
20101018,1.0145
20101019,1.0298
20101020,1.0245
20101021,1.0232
20101022,1.0262
20101025,1.0197
20101026,1.0220
20101027,1.0321
20101028,1.0194
20101029,1.0187
20101101,1.0133
20101102,1.0098
20101103,1.0090
20101104,1.0022
20101105,1.0012
20101108,1.0021
20101109,1.0013
20101110,1.0016
20101111,
20101112,1.0079
20101115,1.0064
20101116,1.0231
20101117,1.0205
20101118,1.0172
20101119,1.0206
20101122,1.0187
20101123,1.0240
20101124,1.0110
20101125,
20101126,1.0188
20101129,1.0227
20101130,1.0266
20101201,1.0160
20101202,1.0045
20101203,1.0059
20101206,1.0056
20101207,1.0093
20101208,1.0100
20101209,1.0098
20101210,1.0091
20101213,1.0046
20101214,1.0039
20101215,1.0033
20101216,1.0056
20101217,1.0125
20101220,1.0176
20101221,1.0173
20101222,1.0143
20101223,1.0095
20101224,
20101227,1.0086
20101228,1.0006
20101229,1.0004
20101230,1.0009
20101231,
20110103,0.9903
20110104,0.9985
20110105,0.9946
20110106,0.9953
20110107,0.9932
20110110,0.9923
20110111,0.9901
20110112,0.9864
20110113,0.9866
20110114,0.9902
20110117,
20110118,0.9912
20110119,0.9938
20110120,1.0001
20110121,0.9943
20110124,0.9933
20110125,0.9984
20110126,0.9954
20110127,0.9940
20110128,0.9989
20110131,1.0020
20110201,0.9921
20110202,0.9883
20110203,0.9901
20110204,0.9899
20110207,0.9885
20110208,0.9905
20110209,0.9946
20110210,0.9955
20110211,0.9900
20110214,0.9883
20110215,0.9885
20110216,0.9853
20110217,0.9839
20110218,0.9827
20110221,
20110222,0.9860
20110223,0.9922
20110224,0.9842
20110225,0.9808
20110228,0.9737
20110301,0.9742
20110302,0.9733
20110303,0.9746
20110304,0.9715
20110307,0.9737
20110308,0.9712
20110309,0.9686
20110310,0.9729
20110311,0.9732
20110314,0.9758
20110315,0.9831
20110316,0.9921
20110317,0.9886
20110318,0.9846
20110321,0.9772
20110322,0.9769
20110323,0.9820
20110324,0.9748
20110325,0.9779
20110328,0.9757
20110329,0.9758
20110330,0.9715
20110331,0.9717
20110401,0.9629
20110404,0.9677
20110405,0.9635
20110406,0.9587
20110407,0.9593
20110408,0.9564
20110411,0.9547
20110412,0.9624
20110413,0.9638
20110414,0.9626
20110415,0.9615
20110418,0.9689
20110419,0.9572
20110420,0.9523
20110421,0.9518
20110422,0.9535
20110425,0.9541
20110426,0.9508
20110427,0.9550
20110428,0.9513
20110429,0.9486
20110502,0.9492
20110503,0.9489
20110504,0.9579
20110505,0.9667
20110506,0.9616
20110509,0.9660
20110510,0.9611
20110511,0.9581
20110512,0.9656
20110513,0.9708
20110516,0.9701
20110517,0.9772
20110518,0.9722
20110519,0.9703
20110520,0.9735
20110523,0.9791
20110524,0.9773
20110525,0.9765
20110526,0.9809
20110527,0.9771
20110530,
20110531,0.9688
20110601,0.9713
20110602,0.9794
20110603,0.9768
20110606,0.9784
20110607,0.9743
20110608,0.9778
20110609,0.9732
20110610,0.9769
20110613,0.9778
20110614,0.9684
20110615,0.9778
20110616,0.9842
20110617,0.9797
20110620,0.9785
20110621,0.9722
20110622,0.9725
20110623,0.9800
20110624,0.9847
20110627,0.9859
20110628,0.9819
20110629,0.9703
20110630,0.9642
20110701,0.9608
20110704,
20110705,0.9608
20110706,0.9656
20110707,0.9585
20110708,0.9627
20110711,0.9663
20110712,0.9667
20110713,0.9582
20110714,0.9584
20110715,0.9542
20110718,0.9616
20110719,0.9505
20110720,0.9479
20110721,0.9449
20110722,0.9500
20110725,0.9448
20110726,0.9448
20110727,0.9474
20110728,0.9483
20110729,0.9539
20110801,0.9593
20110802,0.9577
20110803,0.9632
20110804,0.9765
20110805,0.9843
20110808,0.9889
20110809,0.9893
20110810,0.9909
20110811,0.9891
20110812,0.9879
20110815,0.9838
20110816,0.9816
20110817,0.9818
20110818,0.9899
20110819,0.9848
20110822,0.9901
20110823,0.9876
20110824,0.9878
20110825,0.9842
20110826,0.9854
20110829,0.9778
20110830,0.9791
20110831,0.9783
20110901,0.9751
20110902,0.9815
20110905,
20110906,0.9908
20110907,0.9882
20110908,0.9856
20110909,0.9970
20110912,0.9957
20110913,0.9901
20110914,0.9913
20110915,0.9867
20110916,0.9813
20110919,0.9897
20110920,0.9922
20110921,0.9985
20110922,1.0327
20110923,1.0280
20110926,1.0338
20110927,1.0190
20110928,1.0226
20110929,1.0338
20110930,1.0389
20111003,1.0440
20111004,1.0605
20111005,1.0448
20111006,1.0431
20111007,1.0326
20111010,
20111011,1.0287
20111012,1.0163
20111013,1.0238
20111014,1.0148
20111017,1.0153
20111018,1.0165
20111019,1.0136
20111020,1.0216
20111021,1.0090
20111024,1.0040
20111025,1.0143
20111026,1.0100
20111027,0.9942
20111028,0.9957
20111031,0.9932
20111101,1.0200
20111102,1.0125
20111103,1.0128
20111104,1.0179
20111107,1.0173
20111108,1.0139
20111109,1.0176
20111110,1.0188
20111111,
20111114,1.0176
20111115,1.0233
20111116,1.0205
20111117,1.0224
20111118,1.0260
20111121,1.0386
20111122,1.0371
20111123,1.0479
20111124,
20111125,1.0487
20111128,1.0327
20111129,1.0296
20111130,1.0199
20111201,1.0172
20111202,1.0165
20111205,1.0140
20111206,1.0116
20111207,1.0106
20111208,1.0190
20111209,1.0202
20111212,1.0273
20111213,1.0283
20111214,1.0403
20111215,1.0338
20111216,1.0388
20111219,1.0364
20111220,1.0284
20111221,1.0286
20111222,1.0213
20111223,1.0208
20111226,
20111227,1.0201
20111228,1.0232
20111229,1.0208
20111230,1.0168
20120102,
20120103,1.0089
20120104,1.0134
20120105,1.0197
20120106,1.0231
20120109,1.0272
20120110,1.0161
20120111,1.0192
20120112,1.0197
20120113,1.0246
20120116,
20120117,1.0130
20120118,1.0138
20120119,1.0094
20120120,1.0142
20120123,1.0079
20120124,1.0096
20120125,1.0119
20120126,0.9986
20120127,1.0014
20120130,1.0030
20120131,1.0050
20120201,0.9984
20120202,0.9985
20120203,0.9944
20120206,0.9953
20120207,0.9947
20120208,0.9969
20120209,0.9941
20120210,1.0016
20120213,0.9995
20120214,0.9988
20120215,0.9965
20120216,0.9962
20120217,0.9970
20120220,
20120221,0.9956
20120222,0.9999
20120223,0.9983
20120224,0.9988
20120227,0.9982
20120228,0.9956
20120229,0.9866
20120301,0.9848
20120302,0.9887
20120305,0.9936
20120306,1.0013
20120307,0.9994
20120308,0.9920
20120309,0.9894
20120312,0.9934
20120313,0.9905
20120314,0.9914
20120315,0.9928
20120316,0.9912
20120319,0.9878
20120320,0.9933
20120321,0.9928
20120322,1.0002
20120323,0.9983
20120326,0.9922
20120327,0.9928
20120328,0.9983
20120329,0.9998
20120330,0.9990
20120402,0.9916
20120403,0.9909
20120404,0.9961
20120405,0.9927
20120406,0.9971
20120409,0.9971
20120410,1.0027
20120411,1.0040
20120412,0.9951
20120413,0.9978
20120416,1.0025
20120417,0.9878
20120418,0.9902
20120419,0.9927
20120420,0.9912
20120423,0.9935
20120424,0.9882
20120425,0.9848
20120426,0.9840
20120427,0.9807
20120430,0.9886
20120501,0.9839
20120502,0.9890
20120503,0.9869
20120504,0.9955
20120507,0.9938
20120508,0.9997
20120509,1.0014
20120510,1.0015
20120511,0.9967
20120514,1.0018
20120515,1.0029
20120516,1.0099
20120517,1.0162
20120518,1.0211
20120521,1.0223
20120522,1.0191
20120523,1.0274
20120524,1.0274
20120525,1.0285
20120528,
20120529,1.0253
20120530,1.0289
20120531,1.0349
20120601,1.0378
20120604,1.0417
20120605,1.0414
20120606,1.0298
20120607,1.0244
20120608,1.0332
20120611,1.0281
20120612,1.0269
20120613,1.0270
20120614,1.0247
20120615,1.0244
20120618,1.0264
20120619,1.0177
20120620,1.0193
20120621,1.0250
20120622,1.0258
20120625,1.0301
20120626,1.0264
20120627,1.0258
20120628,1.0331
20120629,1.0190
20120702,1.0193
20120703,1.0123
20120704,
20120705,1.0130
20120706,1.0198
20120709,1.0210
20120710,1.0202
20120711,1.0195
20120712,1.0215
20120713,1.0151
20120716,1.0156
20120717,1.0141
20120718,1.0112
20120719,1.0076
20120720,1.0113
20120723,1.0172
20120724,1.0207
20120725,1.0181
20120726,1.0101
20120727,1.0059
20120730,1.0033
20120731,1.0014
20120801,1.0017
20120802,1.0061
20120803,0.9986
20120806,0.9988
20120807,0.9964
20120808,0.9946
20120809,0.9923
20120810,0.9917
20120813,0.9933
20120814,0.9914
20120815,0.9890
20120816,0.9881
20120817,0.9883
20120820,0.9890
20120821,0.9864
20120822,0.9928
20120823,0.9928
20120824,0.9919
20120827,0.9892
20120828,0.9864
20120829,0.9873
20120830,0.9925
20120831,0.9862
20120903,
20120904,0.9862
20120905,0.9901
20120906,0.9824
20120907,0.9777
20120910,0.9761
20120911,0.9723
20120912,0.9756
20120913,0.9754
20120914,0.9710
20120917,0.9723
20120918,0.9743
20120919,0.9747
20120920,0.9775
20120921,0.9757
20120924,0.9800
20120925,0.9770
20120926,0.9845
20120927,0.9812
20120928,0.9837
20121001,0.9827
20121002,0.9827
20121003,0.9870
20121004,0.9821
20121005,0.9763
20121008,
20121009,0.9787
20121010,0.9786
20121011,0.9785
20121012,0.9797
20121015,0.9783
20121016,0.9854
20121017,0.9795
20121018,0.9811
20121019,0.9930
20121022,0.9938
20121023,0.9934
20121024,0.9945
20121025,0.9942
20121026,0.9990
20121029,1.0003
20121030,0.9992
20121031,0.9994
20121101,0.9973
20121102,0.9962
20121105,0.9965
20121106,0.9936
20121107,0.9971
20121108,0.9985
20121109,1.0007
20121112,
20121113,1.0015
20121114,1.0017
20121115,1.0024
20121116,1.0029
20121119,0.9963
20121120,0.9969
20121121,0.9980
20121122,
20121123,0.9927
20121126,0.9949
20121127,0.9936
20121128,0.9927
20121129,0.9928
20121130,0.9931
20121203,0.9929
20121204,0.9926
20121205,0.9913
20121206,0.9909
20121207,0.9890
20121210,0.9871
20121211,0.9867
20121212,0.9854
20121213,0.9845
20121214,0.9860
20121217,0.9841
20121218,0.9852
20121219,0.9868
20121220,0.9882
20121221,0.9941
20121224,0.9913
20121225,
20121226,0.9945
20121227,0.9949
20121228,0.9951
20121231,0.9958
20130101,
20130102,0.9859
20130103,0.9853
20130104,0.9856
20130107,0.9859
20130108,0.9871
20130109,0.9867
20130110,0.9859
20130111,0.9842
20130114,0.9841
20130115,0.9839
20130116,0.9850
20130117,0.9853
20130118,0.9937
20130121,
20130122,0.9934
20130123,0.9986
20130124,1.0024
20130125,1.0078
20130128,1.0070
20130129,1.0029
20130130,1.0033
20130131,0.9992
20130201,0.9987
20130204,0.9976
20130205,0.9972
20130206,0.9959
20130207,0.9992
20130208,1.0021
20130211,1.0064
20130212,1.0029
20130213,1.0020
20130214,1.0007
20130215,1.0069
20130218,
20130219,1.0117
20130220,1.0162
20130221,1.0184
20130222,1.0222
20130225,1.0264
20130226,1.0279
20130227,1.0249
20130228,1.0286
20130301,1.0285
20130304,1.0298
20130305,1.0289
20130306,1.0314
20130307,1.0303
20130308,1.0273
20130311,1.0268
20130312,1.0259
20130313,1.0272
20130314,1.0263
20130315,1.0202
20130318,1.0218
20130319,1.0272
20130320,1.0268
20130321,1.0239
20130322,1.0224
20130325,1.0217
20130326,1.0167
20130327,1.0169
20130328,1.0155
20130329,1.0174
20130401,1.0166
20130402,1.0147
20130403,1.0134
20130404,1.0139
20130405,1.0190
20130408,1.0199
20130409,1.0162
20130410,1.0148
20130411,1.0107
20130412,1.0134
20130415,1.0208
20130416,1.0226
20130417,1.0263
20130418,1.0257
20130419,1.0264
20130422,1.0262
20130423,1.0259
20130424,1.0270
20130425,1.0193
20130426,1.0170
20130429,1.0138
20130430,1.0072
20130501,1.0083
20130502,1.0083
20130503,1.0077
20130506,1.0074
20130507,1.0051
20130508,1.0023
20130509,1.0026
20130510,1.0123
20130513,1.0108
20130514,1.0149
20130515,1.0173
20130516,1.0162
20130517,1.0268
20130520,1.0272
20130521,1.0277
20130522,1.0331
20130523,1.0315
20130524,1.0322
20130527,
20130528,1.0371
20130529,1.0369
20130530,1.0309
20130531,1.0337
20130603,1.0290
20130604,1.0348
20130605,1.0346
20130606,1.0240
20130607,1.0208
20130610,1.0185
20130611,1.0191
20130612,1.0202
20130613,1.0170
20130614,1.0175
20130617,1.0175
20130618,1.0209
20130619,1.0187
20130620,1.0383
20130621,1.0467
20130624,1.0532
20130625,1.0512
20130626,1.0468
20130627,1.0479
20130628,1.0513
20130701,1.0499
20130702,1.0529
20130703,1.0521
20130704,
20130705,1.0566
20130708,1.0578
20130709,1.0530
20130710,1.0510
20130711,1.0389
20130712,1.0393
20130715,1.0412
20130716,1.0388
20130717,1.0423
20130718,1.0395
20130719,1.0362
20130722,1.0336
20130723,1.0305
20130724,1.0298
20130725,1.0283
20130726,1.0292
20130729,1.0259
20130730,1.0292
20130731,1.0287
20130801,1.0338
20130802,1.0379
20130805,1.0394
20130806,1.0378
20130807,1.0415
20130808,1.0347
20130809,1.0302
20130812,1.0297
20130813,1.0345
20130814,1.0319
20130815,1.0339
20130816,1.0344
20130819,1.0334
20130820,1.0374
20130821,1.0442
20130822,1.0511
20130823,1.0512
20130826,1.0513
20130827,1.0504
20130828,1.0491
20130829,1.0526
20130830,1.0554
20130902,
20130903,1.0532
20130904,1.0482
20130905,1.0499
20130906,1.0390
20130909,1.0366
20130910,1.0357
20130911,1.0336
20130912,1.0319
20130913,1.0341
20130916,1.0316
20130917,1.0290
20130918,1.0312
20130919,1.0237
20130920,1.0287
20130923,1.0290
20130924,1.0294
20130925,1.0294
20130926,1.0321
20130927,1.0300
20130930,1.0284
20131001,1.0333
20131002,1.0330
20131003,1.0324
20131004,1.0306
20131007,1.0306
20131008,1.0330
20131009,1.0396
20131010,1.0382
20131011,1.0383
20131014,
20131015,1.0372
20131016,1.0345
20131017,1.0285
20131018,1.0287
20131021,1.0296
20131022,1.0282
20131023,1.0384
20131024,1.0421
20131025,1.0449
20131028,1.0443
20131029,1.0445
20131030,1.0454
20131031,1.0429
20131101,1.0442
20131104,1.0414
20131105,1.0447
20131106,1.0418
20131107,1.0441
20131108,1.0486
20131111,
20131112,1.0500
20131113,1.0468
20131114,1.0497
20131115,1.0457
20131118,1.0426
20131119,1.0467
20131120,1.0446
20131121,1.0506
20131122,1.0534
20131125,1.0554
20131126,1.0547
20131127,1.0595
20131128,
20131129,1.0597
20131202,1.0632
20131203,1.0660
20131204,1.0696
20131205,1.0638
20131206,1.0663
20131209,1.0641
20131210,1.0622
20131211,1.0605
20131212,1.0641
20131213,1.0594
20131216,1.0577
20131217,1.0611
20131218,1.0645
20131219,1.0677
20131220,1.0679
20131223,1.0602
20131224,1.0618
20131225,
20131226,1.0648
20131227,1.0697
20131230,1.0640
20131231,1.0637
20140101,
20140102,1.0634
20140103,1.0612
20140106,1.0658
20140107,1.0742
20140108,1.0802
20140109,1.0850
20140110,1.0915
20140113,1.0868
20140114,1.0934
20140115,1.0932
20140116,1.0926
20140117,1.0959
20140120,
20140121,1.0971
20140122,1.1069
20140123,1.1128
20140124,1.1063
20140127,1.1097
20140128,1.1148
20140129,1.1147
20140130,1.1171
20140131,1.1116
20140203,1.1074
20140204,1.1056
20140205,1.1100
20140206,1.1065
20140207,1.1014
20140210,1.1048
20140211,1.1024
20140212,1.0992
20140213,1.0979
20140214,1.0981
20140217,
20140218,1.0952
20140219,1.1045
20140220,1.1104
20140221,1.1128
20140224,1.1058
20140225,1.1085
20140226,1.1117
20140227,1.1137
20140228,1.1075
20140303,1.1090
20140304,1.1113
20140305,1.1050
20140306,1.0965
20140307,1.1088
20140310,1.1104
20140311,1.1085
20140312,1.1130
20140313,1.1059
20140314,1.1087
20140317,1.1052
20140318,1.1089
20140319,1.1177
20140320,1.1251
20140321,1.1191
20140324,1.1218
20140325,1.1176
20140326,1.1143
20140327,1.1056
20140328,1.1066
20140331,1.1053
20140401,1.1026
20140402,1.1030
20140403,1.1035
20140404,1.0978
20140407,1.0971
20140408,1.0919
20140409,1.0902
20140410,1.0912
20140411,1.0960
20140414,1.0968
20140415,1.0980
20140416,1.1027
20140417,1.0997
20140418,1.1024
20140421,1.1020
20140422,1.1025
20140423,1.1034
20140424,1.1026
20140425,1.1041
20140428,1.1032
20140429,1.0963
20140430,1.0956
20140501,1.0965
20140502,1.0973
20140505,1.0955
20140506,1.0890
20140507,1.0895
20140508,1.0856
20140509,1.0899
20140512,1.0886
20140513,1.0892
20140514,1.0887
20140515,1.0887
20140516,1.0883
20140519,1.0861
20140520,1.0900
20140521,1.0935
20140522,1.0897
20140523,1.0870
20140526,
20140527,1.0869
20140528,1.0867
20140529,1.0837
20140530,1.0867
20140602,1.0894
20140603,1.0915
20140604,1.0937
20140605,1.0935
20140606,1.0936
20140609,1.0908
20140610,1.0914
20140611,1.0867
20140612,1.0851
20140613,1.0868
20140616,1.0849
20140617,1.0851
20140618,1.0870
20140619,1.0828
20140620,1.0766
20140623,1.0731
20140624,1.0739
20140625,1.0721
20140626,1.0706
20140627,1.0676
20140630,1.0676
20140701,1.0652
20140702,1.0667
20140703,1.0633
20140704,
20140707,1.0662
20140708,1.0674
20140709,1.0648
20140710,1.0658
20140711,1.0720
20140714,1.0721
20140715,1.0766
20140716,1.0749
20140717,1.0753
20140718,1.0737
20140721,1.0736
20140722,1.0744
20140723,1.0739
20140724,1.0741
20140725,1.0814
20140728,1.0800
20140729,1.0851
20140730,1.0908
20140731,1.0889
20140801,1.0918
20140804,1.0916
20140805,1.0969
20140806,1.0926
20140807,1.0922
20140808,1.0982
20140811,1.0933
20140812,1.0944
20140813,1.0929
20140814,1.0910
20140815,1.0910
20140818,1.0888
20140819,1.0929
20140820,1.0944
20140821,1.0949
20140822,1.0949
20140825,1.0980
20140826,1.0950
20140827,1.0890
20140828,1.0857
20140829,1.0858
20140901,
20140902,1.0923
20140903,1.0872
20140904,1.0862
20140905,1.0890
20140908,1.0933
20140909,1.1010
20140910,1.0954
20140911,1.1032
20140912,1.1075
20140915,1.1050
20140916,1.0985
20140917,1.0951
20140918,1.0946
20140919,1.0968
20140922,1.1007
20140923,1.1059
20140924,1.1088
20140925,1.1105
20140926,1.1162
20140929,1.1142
20140930,1.1207
20141001,1.1171
20141002,1.1150
20141003,1.1254
20141006,1.1174
20141007,1.1182
20141008,1.1181
20141009,1.1150
20141010,1.1173
20141013,
20141014,1.1235
20141015,1.1291
20141016,1.1265
20141017,1.1247
20141020,1.1276
20141021,1.1219
20141022,1.1218
20141023,1.1236
20141024,1.1211
20141027,1.1247
20141028,1.1176
20141029,1.1135
20141030,1.1191
20141031,1.1272
20141103,1.1319
20141104,1.1396
20141105,1.1377
20141106,1.1423
20141107,1.1360
20141110,1.1344
20141111,
20141112,1.1284
20141113,1.1349
20141114,1.1294
20141117,1.1308
20141118,1.1305
20141119,1.1349
20141120,1.1311
20141121,1.1237
20141124,1.1279
20141125,1.1260
20141126,1.1236
20141127,
20141128,1.1426
20141201,1.1343
20141202,1.1397
20141203,1.1359
20141204,1.1374
20141205,1.1423
20141208,1.1473
20141209,1.1422
20141210,1.1479
20141211,1.1534
20141212,1.1538
20141215,1.1629
20141216,1.1624
20141217,1.1629
20141218,1.1594
20141219,1.1626
20141222,1.1644
20141223,1.1626
20141224,1.1621
20141225,
20141226,
20141229,1.1631
20141230,1.1597
20141231,1.1601
20150101,
20150102,1.1725
20150105,1.1785
20150106,1.1802
20150107,1.1851
20150108,1.1812
20150109,1.1857
20150112,1.1929
20150113,1.1947
20150114,1.1957
20150115,1.1932
20150116,1.1986
20150119,
20150120,1.2085
20150121,1.2377
20150122,1.2370
20150123,1.2400
20150126,1.2409
20150127,1.2402
20150128,1.2452
20150129,1.2644
20150130,1.2716
20150202,1.2577
20150203,1.2452
20150204,1.2550
20150205,1.2419
20150206,1.2524
20150209,1.2448
20150210,1.2528
20150211,1.2635
20150212,1.2464
20150213,1.2449
20150216,
20150217,1.2401
20150218,1.2456
20150219,1.2484
20150220,1.2503
20150223,1.2577
20150224,1.2601
20150225,1.2418
20150226,1.2490
20150227,1.2506
20150302,1.2535
20150303,1.2450
20150304,1.2439
20150305,1.2482
20150306,1.2615
20150309,1.2598
20150310,1.2633
20150311,1.2763
20150312,1.2692
20150313,1.2803
20150316,1.2763
20150317,1.2769
20150318,1.2771
20150319,1.2743
20150320,1.2593
20150323,1.2515
20150324,1.2510
20150325,1.2513
20150326,1.2469
20150327,1.2579
20150330,1.2687
20150331,1.2681
20150401,1.2610
20150402,1.2584
20150403,1.2465
20150406,1.2450
20150407,1.2488
20150408,1.2508
20150409,1.2580
20150410,1.2596
20150413,1.2603
20150414,1.2476
20150415,1.2378
20150416,1.2206
20150417,1.2225
20150420,1.2203
20150421,1.2274
20150422,1.2250
20150423,1.2148
20150424,1.2168
20150427,1.2106
20150428,1.2021
20150429,1.1955
20150430,1.2116
20150501,1.2191
20150504,1.2108
20150505,1.2038
20150506,1.2007
20150507,1.2139
20150508,1.2086
20150511,1.2107
20150512,1.1987
20150513,1.1950
20150514,1.1991
20150515,1.2009
20150518,1.2150
20150519,1.2213
20150520,1.2212
20150521,1.2201
20150522,1.2288
20150525,
20150526,1.2428
20150527,1.2483
20150528,1.2474
20150529,1.2466
20150601,1.2547
20150602,1.2425
20150603,1.2437
20150604,1.2477
20150605,1.2488
20150608,1.2435
20150609,1.2316
20150610,1.2267
20150611,1.2314
20150612,1.2306
20150615,1.2321
20150616,1.2328
20150617,1.2307
20150618,1.2206
20150619,1.2273
20150622,1.2286
20150623,1.2326
20150624,1.2413
20150625,1.2346
20150626,1.2358
20150629,1.2380
20150630,1.2473
20150701,1.2559
20150702,1.2566
20150703,
20150706,1.2623
20150707,1.2742
20150708,1.2724
20150709,1.2727
20150710,1.2713
20150713,1.2762
20150714,1.2746
20150715,1.2935
20150716,1.2938
20150717,1.2997
20150720,1.2982
20150721,1.2958
20150722,1.3023
20150723,1.3030
20150724,1.3059
20150727,1.3008
20150728,1.2933
20150729,1.2893
20150730,1.3024
20150731,1.3047
20150803,1.3141
20150804,1.3124
20150805,1.3181
20150806,1.3152
20150807,1.3122
20150810,1.3056
20150811,1.3149
20150812,1.2973
20150813,1.3078
20150814,1.3075
20150817,1.3090
20150818,1.3075
20150819,1.3165
20150820,1.3075
20150821,1.3146
20150824,1.3210
20150825,1.3295
20150826,1.3301
20150827,1.3193
20150828,1.3268
20150831,1.3223
20150901,1.3180
20150902,1.3308
20150903,1.3200
20150904,1.3272
20150907,
20150908,1.3193
20150909,1.3221
20150910,1.3218
20150911,1.3274
20150914,1.3265
20150915,1.3261
20150916,1.3180
20150917,1.3186
20150918,1.3146
20150921,1.3249
20150922,1.3276
20150923,1.3313
20150924,1.3348
20150925,1.3322
20150928,1.3360
20150929,1.3414
20150930,1.3396
20151001,1.3240
20151002,1.3213
20151005,1.3084
20151006,1.3056
20151007,1.3038
20151008,1.3017
20151009,1.2945
20151012,
20151013,1.2984
20151014,1.2983
20151015,1.2901
20151016,1.2932
20151019,1.2999
20151020,1.2974
20151021,1.3117
20151022,1.3087
20151023,1.3171
20151026,1.3134
20151027,1.3242
20151028,1.3149
20151029,1.3169
20151030,1.3082
20151102,1.3093
20151103,1.3107
20151104,1.3164
20151105,1.3162
20151106,1.3307
20151109,1.3274
20151110,1.3258
20151111,
20151112,1.3309
20151113,1.3332
20151116,1.3352
20151117,1.3324
20151118,1.3351
20151119,1.3266
20151120,1.3337
20151123,1.3358
20151124,1.3308
20151125,1.3298
20151126,
20151127,1.3360
20151130,1.3332
20151201,1.3372
20151202,1.3357
20151203,1.3393
20151204,1.3364
20151207,1.3508
20151208,1.3594
20151209,1.3595
20151210,1.3598
20151211,1.3695
20151214,1.3732
20151215,1.3729
20151216,1.3805
20151217,1.3970
20151218,1.3876
20151221,1.3989
20151222,1.3929
20151223,1.3860
20151224,1.3847
20151225,
20151228,1.3893
20151229,1.3848
20151230,1.3883
20151231,1.3839
20160101,
20160104,1.3970
20160105,1.3991
20160106,1.4084
20160107,1.4061
20160108,1.4150
20160111,1.4203
20160112,1.4293
20160113,1.4294
20160114,1.4374
20160115,1.4531
20160118,
20160119,1.4513
20160120,1.4592
20160121,1.4244
20160122,1.4153
20160125,1.4248
20160126,1.4062
20160127,1.4040
20160128,1.4077
20160129,1.4074
20160201,1.4005
20160202,1.4039
20160203,1.3843
20160204,1.3724
20160205,1.3875
20160208,1.3921
20160209,1.3860
20160210,1.3969
20160211,1.3933
20160212,1.3834
20160215,
20160216,1.3857
20160217,1.3682
20160218,1.3718
20160219,1.3798
20160222,1.3684
20160223,1.3791
20160224,1.3765
20160225,1.3572
20160226,1.3546
20160229,1.3522
20160301,1.3404
20160302,1.3466
20160303,1.3405
20160304,1.3337
20160307,1.3300
20160308,1.3388
20160309,1.3233
20160310,1.3372
20160311,1.3211
20160314,1.3291
20160315,1.3355
20160316,1.3364
20160317,1.2982
20160318,1.2980
20160321,1.3067
20160322,1.3051
20160323,1.3199
20160324,1.3270
20160325,1.3264
20160328,1.3184
20160329,1.3153
20160330,1.2962
20160331,1.2969
20160401,1.3047
20160404,1.3037
20160405,1.3175
20160406,1.3073
20160407,1.3163
20160408,1.2994
20160411,1.2912
20160412,1.2800
20160413,1.2789
20160414,1.2835
20160415,1.2857
20160418,1.2815
20160419,1.2654
20160420,1.2623
20160421,1.2713
20160422,1.2672
20160425,1.2678
20160426,1.2614
20160427,1.2637
20160428,1.2544
20160429,1.2549
20160502,1.2544
20160503,1.2686
20160504,1.2882
20160505,1.2855
20160506,1.2920
20160509,1.2994
20160510,1.2957
20160511,1.2834
20160512,1.2857
20160513,1.2939
20160516,1.2886
20160517,1.2884
20160518,1.2924
20160519,1.3114
20160520,1.3136
20160523,1.3155
20160524,1.3117
20160525,1.3089
20160526,1.2980
20160527,1.3001
20160530,
20160531,1.3097
20160601,1.3089
20160602,1.3080
20160603,1.2947
20160606,1.2856
20160607,1.2788
20160608,1.2694
20160609,1.2728
20160610,1.2734
20160613,1.2791
20160614,1.2833
20160615,1.2912
20160616,1.3039
20160617,1.2875
20160620,1.2807
20160621,1.2817
20160622,1.2820
20160623,1.2749
20160624,1.2948
20160627,1.3076
20160628,1.3086
20160629,1.2990
20160630,1.3010
20160701,1.2897
20160704,
20160705,1.2950
20160706,1.3003
20160707,1.2984
20160708,1.3072
20160711,1.3125
20160712,1.3016
20160713,1.2962
20160714,1.2916
20160715,1.2978
20160718,1.2984
20160719,1.3027
20160720,1.3037
20160721,1.3056
20160722,1.3178
20160725,1.3224
20160726,1.3207
20160727,1.3221
20160728,1.3170
20160729,1.3040
20160801,1.3096
20160802,1.3087
20160803,1.3078
20160804,1.3025
20160805,1.3179
20160808,1.3162
20160809,1.3116
20160810,1.3059
20160811,1.3004
20160812,1.2943
20160815,1.2922
20160816,1.2861
20160817,1.2885
20160818,1.2777
20160819,1.2878
20160822,1.2942
20160823,1.2904
20160824,1.2939
20160825,1.2934
20160826,1.2944
20160829,1.3018
20160830,1.3075
20160831,1.3122
20160901,1.3107
20160902,1.2998
20160905,
20160906,1.2843
20160907,1.2895
20160908,1.2910
20160909,1.3034
20160912,1.3076
20160913,1.3167
20160914,1.3187
20160915,1.3145
20160916,1.3212
20160919,1.3180
20160920,1.3228
20160921,1.3186
20160922,1.3036
20160923,1.3163
20160926,1.3196
20160927,1.3247
20160928,1.3237
20160929,1.3101
20160930,1.3115
20161003,1.3138
20161004,1.3171
20161005,1.3177
20161006,1.3209
20161007,1.3306
20161010,
20161011,1.3235
20161012,1.3277
20161013,1.3219
20161014,1.3169
20161017,1.3135
20161018,1.3105
20161019,1.3105
20161020,1.3197
20161021,1.3324
20161024,1.3387
20161025,1.3333
20161026,1.3361
20161027,1.3385
20161028,1.3383
20161031,1.3403
20161101,1.3377
20161102,1.3387
20161103,1.3384
20161104,1.3413
20161107,1.3380
20161108,1.3335
20161109,1.3406
20161110,1.3474
20161111,
20161114,1.3581
20161115,1.3468
20161116,1.3415
20161117,1.3429
20161118,1.3518
20161121,1.3432
20161122,1.3444
20161123,1.3467
20161124,
20161125,1.3512
20161128,1.3401
20161129,1.3435
20161130,1.3425
20161201,1.3330
20161202,1.3298
20161205,1.3271
20161206,1.3279
20161207,1.3251
20161208,1.3220
20161209,1.3162
20161212,1.3137
20161213,1.3119
20161214,1.3123
20161215,1.3397
20161216,1.3339
20161219,1.3395
20161220,1.3376
20161221,1.3401
20161222,1.3470
20161223,1.3533
20161226,
20161227,1.3553
20161228,1.3555
20161229,1.3488
20161230,1.3426
20170102,
20170103,1.3437
20170104,1.3293
20170105,1.3216
20170106,1.3216
20170109,1.3220
20170110,1.3208
20170111,1.3219
20170112,1.3130
20170113,1.3134
20170116,
20170117,1.3060
20170118,1.3175
20170119,1.3327
20170120,
20170123,1.3283
20170124,1.3152
20170125,1.3074
20170126,1.3104
20170127,1.3108
20170130,1.3092
20170131,1.3030
20170201,1.3088
20170202,1.3018
20170203,1.3003
20170206,1.3116
20170207,1.3166
20170208,1.3156
20170209,1.3139
20170210,1.3073
20170213,1.3072
20170214,1.3092
20170215,1.3082
20170216,1.3056
20170217,1.3114
20170220,
20170221,1.3149
20170222,1.3188
20170223,1.3109
20170224,1.3106
20170227,1.3100
20170228,1.3247
20170301,1.3345
20170302,1.3384
20170303,1.3419
20170306,1.3410
20170307,1.3413
20170308,1.3479
20170309,1.3504
20170310,1.3468
20170313,1.3453
20170314,1.3462
20170315,1.3451
20170316,1.3316
20170317,1.3366
20170320,1.3357
20170321,1.3321
20170322,1.3347
20170323,1.3332
20170324,1.3373
20170327,1.3367
20170328,1.3363
20170329,1.3372
20170330,1.3278
20170331,1.3321
20170403,1.3388
20170404,1.3413
20170405,1.3410
20170406,1.3409
20170407,1.3396
20170410,1.3347
20170411,1.3333
20170412,1.3302
20170413,1.3266
20170414,1.3316
20170417,1.3277
20170418,1.3381
20170419,1.3467
20170420,1.3479
20170421,1.3502
20170424,1.3517
20170425,1.3614
20170426,1.3591
20170427,1.3664
20170428,1.3669
20170501,1.3653
20170502,1.3742
20170503,1.3705
20170504,1.3745
20170505,1.3699
20170508,1.3712
20170509,1.3715
20170510,1.3652
20170511,1.3693
20170512,1.3717
20170515,1.3648
20170516,1.3590
20170517,1.3594
20170518,1.3604
20170519,1.3537
20170522,1.3503
20170523,1.3492
20170524,1.3454
20170525,1.3457
20170526,1.3454
20170529,
20170530,1.3462
20170531,1.3498
20170601,1.3484
20170602,1.3500
20170605,1.3484
20170606,1.3451
20170607,1.3514
20170608,1.3494
20170609,1.3434
20170612,1.3447
20170613,1.3226
20170614,1.3201
20170615,1.3286
20170616,1.3235
20170619,1.3202
20170620,1.3268
20170621,1.3323
20170622,1.3236
20170623,1.3263
20170626,1.3228
20170627,1.3176
20170628,1.3043
20170629,1.3010
20170630,1.2982
20170703,1.3000
20170704,
20170705,1.2998
20170706,1.2933
20170707,1.2870
20170710,1.2883
20170711,1.2921
20170712,1.2768
20170713,1.2739
20170714,1.2655
20170717,1.2673
20170718,1.2663
20170719,1.2586
20170720,1.2582
20170721,1.2545
20170724,1.2519
20170725,1.2512
20170726,1.2506
20170727,1.2529
20170728,1.2436
20170731,1.2490
20170801,1.2540
20170802,1.2544
20170803,1.2563
20170804,1.2639
20170807,1.2684
20170808,1.2658
20170809,1.2711
20170810,1.2705
20170811,1.2689
20170814,1.2698
20170815,1.2745
20170816,1.2708
20170817,1.2650
20170818,1.2585
20170821,1.2587
20170822,1.2559
20170823,1.2558
20170824,1.2528
20170825,1.2494
20170828,1.2492
20170829,1.2517
20170830,1.2608
20170831,1.2515
20170901,1.2372
20170904,
20170905,1.2355
20170906,1.2210
20170907,1.2132
20170908,1.2131
20170911,1.2136
20170912,1.2154
20170913,1.2192
20170914,1.2207
20170915,1.2183
20170918,1.2231
20170919,1.2262
20170920,1.2267
20170921,1.2328
20170922,1.2305
20170925,1.2347
20170926,1.2379
20170927,1.2402
20170928,1.2473
20170929,1.2509
20171002,1.2507
20171003,1.2498
20171004,1.2479
20171005,1.2548
20171006,1.2543
20171009,
20171010,1.2495
20171011,1.2511
20171012,1.2470
20171013,1.2494
20171016,1.2531
20171017,1.2567
20171018,1.2473
20171019,1.2487
20171020,1.2618
20171023,1.2644
20171024,1.2660
20171025,1.2799
20171026,1.2821
20171027,1.2871
20171030,1.2835
20171031,1.2894
20171101,1.2890
20171102,1.2808
20171103,1.2769
20171106,1.2740
20171107,1.2791
20171108,1.2727
20171109,1.2693
20171110,
20171113,1.2735
20171114,1.2731
20171115,1.2783
20171116,1.2736
20171117,1.2785
20171120,1.2795
20171121,1.2768
20171122,1.2728
20171123,
20171124,1.2705
20171127,1.2745
20171128,1.2804
20171129,1.2850
20171130,1.2884
20171201,1.2705
20171204,1.2696
20171205,1.2690
20171206,1.2788
20171207,1.2832
20171208,1.2867
20171211,1.2845
20171212,1.2884
20171213,1.2872
20171214,1.2849
20171215,1.2846
20171218,1.2856
20171219,1.2900
20171220,1.2846
20171221,1.2717
20171222,1.2748
20171225,
20171226,1.2685
20171227,1.2645
20171228,1.2586
20171229,1.2517
20180101,
20180102,1.2507
20180103,1.2534
20180104,1.2522
20180105,1.2396
20180108,1.2424
20180109,1.2457
20180110,1.2485
20180111,1.2526
20180112,1.2517
20180115,
20180116,1.2422
20180117,1.2443
20180118,1.2442
20180119,1.2456
20180122,1.2460
20180123,1.2455
20180124,1.2357
20180125,1.2315
20180126,1.2320
20180129,1.2339
20180130,1.2340
20180131,1.2293
20180201,1.2280
20180202,1.2393
20180205,1.2483
20180206,1.2537
20180207,1.2545
20180208,1.2603
20180209,1.2599
20180212,1.2612
20180213,1.2600
20180214,1.2564
20180215,1.2517
20180216,1.2532
20180219,
20180220,1.2624
20180221,1.2678
20180222,1.2705
20180223,1.2659
20180226,1.2691
20180227,1.2748
20180228,1.2806
20180301,1.2840
20180302,1.2882
20180305,1.2982
20180306,1.2892
20180307,1.2993
20180308,1.2936
20180309,1.2822
20180312,1.2835
20180313,1.2925
20180314,1.2946
20180315,1.3053
20180316,1.3096
20180319,1.3089
20180320,1.3083
20180321,1.2957
20180322,1.2930
20180323,1.2870
20180326,1.2866
20180327,1.2841
20180328,1.2886
20180329,1.2901
20180330,1.2891
20180402,1.2918
20180403,1.2800
20180404,1.2801
20180405,1.2777
20180406,1.2763
20180409,1.2700
20180410,1.2609
20180411,1.2581
20180412,1.2583
20180413,1.2604
20180416,1.2580
20180417,1.2548
20180418,1.2636
20180419,1.2638
20180420,1.2740
20180423,1.2845
20180424,1.2823
20180425,1.2871
20180426,1.2867
20180427,1.2862
20180430,1.2818
20180501,1.2873
20180502,1.2848
20180503,1.2878
20180504,1.2848
20180507,1.2850
20180508,1.2967
20180509,1.2852
20180510,1.2787
20180511,1.2781
20180514,1.2761
20180515,1.2868
20180516,1.2828
20180517,1.2815
20180518,1.2892
20180521,1.2835
20180522,1.2775
20180523,1.2882
20180524,1.2907
20180525,1.2972
20180528,
20180529,1.3027
20180530,1.2842
20180531,1.2970
20180601,1.2948
20180604,1.2922
20180605,1.3008
20180606,1.2907
20180607,1.2988
20180608,1.2956
20180611,1.2980
20180612,1.2987
20180613,1.2963
20180614,1.3070
20180615,1.3167
20180618,1.3229
20180619,1.3263
20180620,1.3291
20180621,1.3319
20180622,1.3318
20180625,1.3313
20180626,1.3293
20180627,1.3300
20180628,1.3253
20180629,1.3140
20180702,1.3213
20180703,1.3150
20180704,
20180705,1.3121
20180706,1.3090
20180709,1.3111
20180710,1.3120
20180711,1.3127
20180712,1.3158
20180713,1.3168
20180716,1.3131
20180717,1.3198
20180718,1.3203
20180719,1.3271
20180720,1.3155
20180723,1.3150
20180724,1.3165
20180725,1.3104
20180726,1.3080
20180727,1.3057
20180730,1.3013
20180731,1.3017
20180801,1.3006
20180802,1.3004
20180803,1.2975
20180806,1.2997
20180807,1.3017
20180808,1.3061
20180809,1.3046
20180810,1.3126
20180813,1.3138
20180814,1.3107
20180815,1.3155
20180816,1.3144
20180817,1.3080
20180820,1.3085
20180821,1.3048
20180822,1.3014
20180823,1.3057
20180824,1.3022
20180827,1.2966
20180828,1.2925
20180829,1.2941
20180830,1.2991
20180831,1.3072
20180903,
20180904,1.3182
20180905,1.3191
20180906,1.3212
20180907,1.3170
20180910,1.3159
20180911,1.3131
20180912,1.3005
20180913,1.3005
20180914,1.3029
20180917,1.3017
20180918,1.2977
20180919,1.2939
20180920,1.2918
20180921,1.2912
20180924,1.2934
20180925,1.2944
20180926,1.2963
20180927,1.3036
20180928,1.2922
20181001,1.2799
20181002,1.2815
20181003,1.2826
20181004,1.2903
20181005,1.2948
20181008,
20181009,1.2959
20181010,1.2985
20181011,1.3037
20181012,1.3023
20181015,1.2966
20181016,1.2935
20181017,1.2985
20181018,1.3059
20181019,1.3101
20181022,1.3104
20181023,1.3101
20181024,1.2994
20181025,1.3066
20181026,1.3100
20181029,1.3129
20181030,1.3133
20181031,1.3129
20181101,1.3108
20181102,1.3108
20181105,1.3098
20181106,1.3132
20181107,1.3108
20181108,1.3115
20181109,1.3230
20181112,
20181113,1.3223
20181114,1.3237
20181115,1.3193
20181116,1.3174
20181119,1.3187
20181120,1.3245
20181121,1.3274
20181122,
20181123,1.3226
20181126,1.3237
20181127,1.3313
20181128,1.3328
20181129,1.3278
20181130,1.3282
20181203,1.3190
20181204,1.3202
20181205,
20181206,1.3417
20181207,1.3302
20181210,1.3385
20181211,1.3408
20181212,1.3336
20181213,1.3349
20181214,1.3387
20181217,1.3390
20181218,1.3466
20181219,1.3434
20181220,1.3515
20181221,1.3570
20181224,
20181225,
20181226,1.3576
20181227,1.3650
20181228,1.3629
20181231,1.3644
20190101,
20190102,1.3591
20190103,1.3484
20190104,1.3399
