date,exchus
20100101,
20100104,6.8273
20100105,6.8258
20100106,6.8272
20100107,6.8280
20100108,6.8274
20100111,6.8263
20100112,6.8267
20100113,6.8295
20100114,6.8265
20100115,6.8269
20100118,
20100119,6.8268
20100120,6.8258
20100121,6.8268
20100122,6.8270
20100125,6.8268
20100126,6.8263
20100127,6.8268
20100128,6.8267
20100129,6.8268
20100201,6.8260
20100202,6.8270
20100203,6.8260
20100204,6.8280
20100205,6.8275
20100208,6.8265
20100209,6.8267
20100210,6.8280
20100211,6.8328
20100212,6.8326
20100215,
20100216,6.8326
20100217,6.8326
20100218,6.8330
20100219,6.8290
20100222,6.8264
20100223,6.8267
20100224,6.8269
20100225,6.8267
20100226,6.8258
20100301,6.8263
20100302,6.8265
20100303,6.8258
20100304,6.8258
20100305,6.8260
20100308,6.8261
20100309,6.8263
20100310,6.8259
20100311,6.8266
20100312,6.8254
20100315,6.8259
20100316,6.8257
20100317,6.8259
20100318,6.8261
20100319,6.8265
20100322,6.8266
20100323,6.8263
20100324,6.8266
20100325,6.8270
20100326,6.8269
20100329,6.8264
20100330,6.8258
20100331,6.8258
20100401,6.8263
20100402,6.8255
20100405,6.8256
20100406,6.8250
20100407,6.8254
20100408,6.8240
20100409,6.8229
20100412,6.8252
20100413,6.8255
20100414,6.8258
20100415,6.8260
20100416,6.8253
20100419,6.8262
20100420,6.8253
20100421,6.8275
20100422,6.8263
20100423,6.8270
20100426,6.8266
20100427,6.8256
20100428,6.8245
20100429,6.8259
20100430,6.8247
20100503,6.8245
20100504,6.8260
20100505,6.8263
20100506,6.8265
20100507,6.8254
20100510,6.8263
20100511,6.8285
20100512,6.8270
20100513,6.8278
20100514,6.8263
20100517,6.8274
20100518,6.8273
20100519,6.8269
20100520,6.8277
20100521,6.8262
20100524,6.8286
20100525,6.8310
20100526,6.8292
20100527,6.8296
20100528,6.8305
20100531,
20100601,6.8275
20100602,6.8296
20100603,6.8283
20100604,6.8268
20100607,6.8322
20100608,6.8294
20100609,6.8285
20100610,6.8305
20100611,6.8320
20100614,6.8323
20100615,6.8323
20100616,6.8323
20100617,6.8290
20100618,6.8267
20100621,6.7968
20100622,6.8127
20100623,6.8124
20100624,6.8001
20100625,6.7911
20100628,6.7960
20100629,6.7977
20100630,6.7815
20100701,6.7807
20100702,6.7709
20100705,
20100706,6.7801
20100707,6.7770
20100708,6.7763
20100709,6.7720
20100712,6.7709
20100713,6.7720
20100714,6.7714
20100715,6.7774
20100716,6.7750
20100719,6.7780
20100720,6.7781
20100721,6.7769
20100722,6.7795
20100723,6.7803
20100726,6.7788
20100727,6.7781
20100728,6.7780
20100729,6.7760
20100730,6.7735
20100802,6.7740
20100803,6.7728
20100804,6.7720
20100805,6.7705
20100806,6.7680
20100809,6.7670
20100810,6.7720
20100811,6.7745
20100812,6.7843
20100813,6.7957
20100816,6.8038
20100817,6.7920
20100818,6.7911
20100819,6.7897
20100820,6.7900
20100823,6.7995
20100824,6.7966
20100825,6.7995
20100826,6.7998
20100827,6.7977
20100830,6.8029
20100831,6.8069
20100901,6.8102
20100902,6.8070
20100903,6.8014
20100906,
20100907,6.7906
20100908,6.7940
20100909,6.7820
20100910,6.7690
20100913,6.7595
20100914,6.7430
20100915,6.7380
20100916,6.7250
20100917,6.7230
20100920,6.7135
20100921,6.7059
20100922,6.7035
20100923,6.7046
20100924,6.7035
20100927,6.6911
20100928,6.6904
20100929,6.6869
20100930,6.6905
20101001,6.6895
20101004,6.6912
20101005,6.6906
20101006,6.6893
20101007,6.6903
20101008,6.6710
20101011,
20101012,6.6733
20101013,6.6634
20101014,6.6505
20101015,6.6397
20101018,6.6440
20101019,6.6444
20101020,6.6518
20101021,6.6502
20101022,6.6583
20101025,6.6579
20101026,6.6625
20101027,6.6805
20101028,6.6867
20101029,6.6707
20101101,6.6892
20101102,6.6775
20101103,6.6758
20101104,6.6609
20101105,6.6550
20101108,6.6791
20101109,6.6424
20101110,6.6335
20101111,
20101112,6.6368
20101115,6.6418
20101116,6.6378
20101117,6.6415
20101118,6.6330
20101119,6.6398
20101122,6.6414
20101123,6.6433
20101124,6.6529
20101125,
20101126,6.6675
20101129,6.6600
20101130,6.6670
20101201,6.6630
20101202,6.6609
20101203,6.6628
20101206,6.6483
20101207,6.6455
20101208,6.6616
20101209,6.6549
20101210,6.6550
20101213,6.6652
20101214,6.6563
20101215,6.6541
20101216,6.6635
20101217,6.6545
20101220,6.6745
20101221,6.6580
20101222,6.6450
20101223,6.6450
20101224,
20101227,6.6306
20101228,6.6247
20101229,6.6200
20101230,6.6000
20101231,
20110103,6.5895
20110104,6.6065
20110105,6.5850
20110106,6.6260
20110107,6.6276
20110110,6.6364
20110111,6.6185
20110112,6.6037
20110113,6.6044
20110114,6.5876
20110117,
20110118,6.5828
20110119,6.5823
20110120,6.5852
20110121,6.5831
20110124,6.5809
20110125,6.5824
20110126,6.5814
20110127,6.5814
20110128,6.5819
20110131,6.6017
20110201,6.5937
20110202,6.5560
20110203,6.5560
20110204,6.5560
20110207,6.5600
20110208,6.5520
20110209,6.5914
20110210,6.5864
20110211,6.5917
20110214,6.5965
20110215,6.5884
20110216,6.5884
20110217,6.5850
20110218,6.5731
20110221,
20110222,6.5795
20110223,6.5741
20110224,6.5720
20110225,6.5749
20110228,6.5713
20110301,6.5700
20110302,6.5723
20110303,6.5717
20110304,6.5670
20110307,6.5540
20110308,6.5684
20110309,6.5580
20110310,6.5731
20110311,6.5742
20110314,6.5696
20110315,6.5730
20110316,6.5713
20110317,6.5743
20110318,6.5689
20110321,6.5635
20110322,6.5510
20110323,6.5591
20110324,6.5580
20110325,6.5568
20110328,6.5643
20110329,6.5600
20110330,6.5558
20110331,6.5483
20110401,6.5477
20110404,6.5385
20110405,6.5390
20110406,6.5440
20110407,6.5420
20110408,6.5350
20110411,6.5381
20110412,6.5402
20110413,6.5333
20110414,6.5310
20110415,6.5317
20110418,6.5286
20110419,6.5303
20110420,6.5254
20110421,6.4920
20110422,6.5067
20110425,6.5277
20110426,6.5270
20110427,6.5112
20110428,6.5010
20110429,6.4900
20110502,6.4920
20110503,6.4955
20110504,6.4925
20110505,6.4931
20110506,6.4925
20110509,6.4937
20110510,6.4915
20110511,6.4915
20110512,6.4986
20110513,6.4977
20110516,6.5073
20110517,6.5057
20110518,6.5029
20110519,6.5042
20110520,6.4917
20110523,6.5050
20110524,6.4990
20110525,6.4930
20110526,6.4913
20110527,6.4920
20110530,
20110531,6.4786
20110601,6.4780
20110602,6.4824
20110603,6.4796
20110606,6.4796
20110607,6.4810
20110608,6.4754
20110609,6.4757
20110610,6.4801
20110613,6.4830
20110614,6.4794
20110615,6.4820
20110616,6.4746
20110617,6.4700
20110620,6.4720
20110621,6.4650
20110622,6.4628
20110623,6.4676
20110624,6.4737
20110627,6.4815
20110628,6.4699
20110629,6.4633
20110630,6.4635
20110701,6.4645
20110704,
20110705,6.4660
20110706,6.4670
20110707,6.4655
20110708,6.4645
20110711,6.4671
20110712,6.4720
20110713,6.4675
20110714,6.4590
20110715,6.4610
20110718,6.4688
20110719,6.4631
20110720,6.4581
20110721,6.4535
20110722,6.4464
20110725,6.4450
20110726,6.4411
20110727,6.4428
20110728,6.4418
20110729,6.4360
20110801,6.4337
20110802,6.4379
20110803,6.4340
20110804,6.4377
20110805,6.4401
20110808,6.4342
20110809,6.4304
20110810,6.4172
20110811,6.3935
20110812,6.3892
20110815,6.3902
20110816,6.3818
20110817,6.3839
20110818,6.3873
20110819,6.3910
20110822,6.4004
20110823,6.3975
20110824,6.3880
20110825,6.3900
20110826,6.3860
20110829,6.3809
20110830,6.3802
20110831,6.3778
20110901,6.3812
20110902,6.3821
20110905,
20110906,6.3901
20110907,6.3940
20110908,6.3833
20110909,6.3880
20110912,6.3877
20110913,6.3970
20110914,6.3910
20110915,6.3904
20110916,6.3833
20110919,6.3864
20110920,6.3837
20110921,6.3811
20110922,6.3879
20110923,6.3877
20110926,6.3975
20110927,6.3975
20110928,6.3933
20110929,6.3964
20110930,6.3780
20111003,6.3745
20111004,6.3745
20111005,6.3745
20111006,6.3780
20111007,6.3745
20111010,
20111011,6.3745
20111012,6.3580
20111013,6.3820
20111014,6.3780
20111017,6.3695
20111018,6.3804
20111019,6.3769
20111020,6.3825
20111021,6.3823
20111024,6.3744
20111025,6.3605
20111026,6.3534
20111027,6.3590
20111028,6.3570
20111031,6.3547
20111101,6.3547
20111102,6.3550
20111103,6.3513
20111104,6.3400
20111107,6.3481
20111108,6.3462
20111109,6.3401
20111110,6.3454
20111111,
20111114,6.3536
20111115,6.3464
20111116,6.3445
20111117,6.3505
20111118,6.3565
20111121,6.3603
20111122,6.3605
20111123,6.3576
20111124,
20111125,6.3802
20111128,6.3839
20111129,6.3769
20111130,6.3765
20111201,6.3655
20111202,6.3596
20111205,6.3629
20111206,6.3645
20111207,6.3642
20111208,6.3618
20111209,6.3641
20111212,6.3604
20111213,6.3648
20111214,6.3710
20111215,6.3733
20111216,6.3479
20111219,6.3376
20111220,6.3459
20111221,6.3386
20111222,6.3392
20111223,6.3364
20111226,
20111227,6.3210
20111228,6.3211
20111229,6.3187
20111230,6.2939
20120102,
20120103,6.2940
20120104,6.2941
20120105,6.3013
20120106,6.3088
20120109,6.3143
20120110,6.3141
20120111,6.3149
20120112,6.3177
20120113,6.3065
20120116,
20120117,6.3136
20120118,6.3109
20120119,6.3162
20120120,6.3330
20120123,6.3330
20120124,6.3330
20120125,6.3330
20120126,6.3330
20120127,6.3330
20120130,6.3310
20120131,6.3080
20120201,6.3076
20120202,6.3017
20120203,6.3027
20120206,6.3120
20120207,6.3046
20120208,6.2938
20120209,6.2947
20120210,6.2991
20120213,6.2972
20120214,6.2995
20120215,6.2998
20120216,6.3014
20120217,6.2985
20120220,
20120221,6.2960
20120222,6.2960
20120223,6.2980
20120224,6.2976
20120227,6.3012
20120228,6.2989
20120229,6.2935
20120301,6.3001
20120302,6.2982
20120305,6.3066
20120306,6.3082
20120307,6.3097
20120308,6.3159
20120309,6.3109
20120312,6.3258
20120313,6.3266
20120314,6.3315
20120315,6.3282
20120316,6.3222
20120319,6.3191
20120320,6.3203
20120321,6.3226
20120322,6.2990
20120323,6.3021
20120326,6.3139
20120327,6.3061
20120328,6.3044
20120329,6.3057
20120330,6.2975
20120402,6.2979
20120403,6.2975
20120404,6.2975
20120405,6.3123
20120406,6.3052
20120409,6.3100
20120410,6.3105
20120411,6.3076
20120412,6.3069
20120413,6.3022
20120416,6.3150
20120417,6.3015
20120418,6.3026
20120419,6.3029
20120420,6.3080
20120423,6.3084
20120424,6.3073
20120425,6.3039
20120426,6.3054
20120427,6.3093
20120430,6.2790
20120501,6.3089
20120502,6.3070
20120503,6.3052
20120504,6.3059
20120507,6.3074
20120508,6.3076
20120509,6.3096
20120510,6.3140
20120511,6.3097
20120514,6.3210
20120515,6.3176
20120516,6.3227
20120517,6.3247
20120518,6.3245
20120521,6.3277
20120522,6.3223
20120523,6.3343
20120524,6.3449
20120525,6.3439
20120528,
20120529,6.3478
20120530,6.3574
20120531,6.3684
20120601,6.3692
20120604,6.3641
20120605,6.3670
20120606,6.3634
20120607,6.3634
20120608,6.3700
20120611,6.3690
20120612,6.3703
20120613,6.3685
20120614,6.3702
20120615,6.3649
20120618,6.3539
20120619,6.3542
20120620,6.3597
20120621,6.3644
20120622,6.3644
20120625,6.3631
20120626,6.3626
20120627,6.3561
20120628,6.3570
20120629,6.3530
20120702,6.3487
20120703,6.3519
20120704,
20120705,6.3557
20120706,6.3640
20120709,6.3709
20120710,6.3654
20120711,6.3682
20120712,6.3732
20120713,6.3789
20120716,6.3784
20120717,6.3725
20120718,6.3690
20120719,6.3724
20120720,6.3734
20120723,6.3856
20120724,6.3857
20120725,6.3879
20120726,6.3839
20120727,6.3807
20120730,6.3792
20120731,6.3610
20120801,6.3680
20120802,6.3671
20120803,6.3721
20120806,6.3738
20120807,6.3664
20120808,6.3610
20120809,6.3579
20120810,6.3599
20120813,6.3611
20120814,6.3586
20120815,6.3619
20120816,6.3659
20120817,6.3580
20120820,6.3592
20120821,6.3559
20120822,6.3515
20120823,6.3535
20120824,6.3542
20120827,6.3558
20120828,6.3525
20120829,6.3513
20120830,6.3494
20120831,6.3484
20120903,
20120904,6.3465
20120905,6.3489
20120906,6.3428
20120907,6.3428
20120910,6.3375
20120911,6.3349
20120912,6.3261
20120913,6.3294
20120914,6.3145
20120917,6.3170
20120918,6.3187
20120919,6.3091
20120920,6.3036
20120921,6.3051
20120924,6.3090
20120925,6.3057
20120926,6.3015
20120927,6.3021
20120928,6.2848
20121001,6.2840
20121002,6.2840
20121003,6.2840
20121004,6.2840
20121005,6.2840
20121008,
20121009,6.2877
20121010,6.2831
20121011,6.2765
20121012,6.2670
20121015,6.2700
20121016,6.2637
20121017,6.2540
20121018,6.2501
20121019,6.2533
20121022,6.2543
20121023,6.2478
20121024,6.2478
20121025,6.2416
20121026,6.2480
20121029,6.2384
20121030,6.2396
20121031,6.2372
20121101,6.2393
20121102,6.2411
20121105,6.2452
20121106,6.2454
20121107,6.2435
20121108,6.2427
20121109,6.2450
20121112,
20121113,6.2260
20121114,6.2250
20121115,6.2329
20121116,6.2354
20121119,6.2343
20121120,6.2324
20121121,6.2300
20121122,
20121123,6.2275
20121126,6.2253
20121127,6.2221
20121128,6.2273
20121129,6.2281
20121130,6.2265
20121203,6.2277
20121204,6.2254
20121205,6.2251
20121206,6.2282
20121207,6.2299
20121210,6.2296
20121211,6.2460
20121212,6.2502
20121213,6.2316
20121214,6.2410
20121217,6.2360
20121218,6.2322
20121219,6.2293
20121220,6.2297
20121221,6.2284
20121224,6.2335
20121225,
20121226,6.2351
20121227,6.2358
20121228,6.2315
20121231,6.2301
20130101,
20130102,6.2301
20130103,6.2301
20130104,6.2303
20130107,6.2294
20130108,6.2235
20130109,6.2260
20130110,6.2230
20130111,6.2156
20130114,6.2190
20130115,6.2134
20130116,6.2160
20130117,6.2158
20130118,6.2152
20130121,
20130122,6.2196
20130123,6.2178
20130124,6.2179
20130125,6.2203
20130128,6.2240
20130129,6.2259
20130130,6.2204
20130131,6.2186
20130201,6.2265
20130204,6.2326
20130205,6.2292
20130206,6.2315
20130207,6.2323
20130208,6.2323
20130211,6.2323
20130212,6.2323
20130213,6.2323
20130214,6.2323
20130215,6.2323
20130218,
20130219,6.2438
20130220,6.2371
20130221,6.2403
20130222,6.2346
20130225,6.2337
20130226,6.2293
20130227,6.2271
20130228,6.2213
20130301,6.2226
20130304,6.2246
20130305,6.2208
20130306,6.2173
20130307,6.2200
20130308,6.2145
20130311,6.2179
20130312,6.2160
20130313,6.2137
20130314,6.2145
20130315,6.2133
20130318,6.2156
20130319,6.2154
20130320,6.2117
20130321,6.2141
20130322,6.2120
20130325,6.2105
20130326,6.2108
20130327,6.2138
20130328,6.2143
20130329,6.2108
20130401,6.2078
20130402,6.1992
20130403,6.1962
20130404,6.2005
20130405,6.2005
20130408,6.2031
20130409,6.2022
20130410,6.1938
20130411,6.1961
20130412,6.1914
20130415,6.1866
20130416,6.1824
20130417,6.1720
20130418,6.1811
20130419,6.1772
20130422,6.1823
20130423,6.1790
20130424,6.1782
20130425,6.1707
20130426,6.1647
20130429,6.1647
20130430,6.1647
20130501,6.1647
20130502,6.1560
20130503,6.1555
20130506,6.1665
20130507,6.1539
20130508,6.1410
20130509,6.1306
20130510,6.1415
20130513,6.1465
20130514,6.1426
20130515,6.1454
20130516,6.1487
20130517,6.1410
20130520,6.1386
20130521,6.1353
20130522,6.1309
20130523,6.1337
20130524,6.1311
20130527,
20130528,6.1213
20130529,6.1264
20130530,6.1307
20130531,6.1340
20130603,6.1312
20130604,6.1285
20130605,6.1276
20130606,6.1359
20130607,6.1333
20130610,6.1333
20130611,6.1333
20130612,6.1333
20130613,6.1341
20130614,6.1306
20130617,6.1248
20130618,6.1283
20130619,6.1264
20130620,6.1277
20130621,6.1328
20130624,6.1441
20130625,6.1448
20130626,6.1468
20130627,6.1488
20130628,6.1374
20130701,6.1325
20130702,6.1327
20130703,6.1301
20130704,
20130705,6.1324
20130708,6.1337
20130709,6.1293
20130710,6.1336
20130711,6.1350
20130712,6.1373
20130715,6.1373
20130716,6.1345
20130717,6.1351
20130718,6.1408
20130719,6.1377
20130722,6.1404
20130723,6.1369
20130724,6.1358
20130725,6.1346
20130726,6.1316
20130729,6.1323
20130730,6.1315
20130731,6.1284
20130801,6.1302
20130802,6.1293
20130805,6.1245
20130806,6.1215
20130807,6.1190
20130808,6.1207
20130809,6.1217
20130812,6.1218
20130813,6.1217
20130814,6.1191
20130815,6.1123
20130816,6.1145
20130819,6.1227
20130820,6.1241
20130821,6.1229
20130822,6.1206
20130823,6.1200
20130826,6.1202
20130827,6.1212
20130828,6.1202
20130829,6.1203
20130830,6.1193
20130902,
20130903,6.1204
20130904,6.1199
20130905,6.1194
20130906,6.1202
20130909,6.1209
20130910,6.1195
20130911,6.1183
20130912,6.1178
20130913,6.1186
20130916,6.1198
20130917,6.1213
20130918,6.1210
20130919,6.1210
20130920,6.1210
20130923,6.1201
20130924,6.1208
20130925,6.1190
20130926,6.1194
20130927,6.1179
20130930,6.1200
20131001,6.1200
20131002,6.1200
20131003,6.1200
20131004,6.1200
20131007,6.1200
20131008,6.1206
20131009,6.1209
20131010,6.1156
20131011,6.1204
20131014,
20131015,6.1026
20131016,6.0996
20131017,6.0980
20131018,6.0966
20131021,6.0924
20131022,6.0925
20131023,6.0833
20131024,6.0815
20131025,6.0838
20131028,6.0853
20131029,6.0897
20131030,6.0936
20131031,6.0943
20131101,6.0993
20131104,6.0980
20131105,6.0966
20131106,6.0925
20131107,6.0906
20131108,6.0903
20131111,
20131112,6.0917
20131113,6.0926
20131114,6.0920
20131115,6.0920
20131118,6.0918
20131119,6.0924
20131120,6.0925
20131121,6.0914
20131122,6.0935
20131125,6.0916
20131126,6.0925
20131127,6.0922
20131128,
20131129,6.0922
20131202,6.0927
20131203,6.0914
20131204,6.0913
20131205,6.0903
20131206,6.0815
20131209,6.0643
20131210,6.0705
20131211,6.0712
20131212,6.0710
20131213,6.0710
20131216,6.0713
20131217,6.0707
20131218,6.0713
20131219,6.0711
20131220,6.0711
20131223,6.0697
20131224,6.0712
20131225,
20131226,6.0744
20131227,6.0684
20131230,6.0617
20131231,6.0537
20140101,
20140102,6.0504
20140103,6.0505
20140106,6.0524
20140107,6.0507
20140108,6.0510
20140109,6.0540
20140110,6.0519
20140113,6.0432
20140114,6.0402
20140115,6.0459
20140116,6.0555
20140117,6.0500
20140120,
20140121,6.0503
20140122,6.0508
20140123,6.0515
20140124,6.0486
20140127,6.0478
20140128,6.0506
20140129,6.0554
20140130,6.0600
20140131,6.0590
20140203,6.0600
20140204,6.0600
20140205,6.0600
20140206,6.0600
20140207,6.0629
20140210,6.0591
20140211,6.0601
20140212,6.0614
20140213,6.0631
20140214,6.0666
20140217,
20140218,6.0671
20140219,6.0762
20140220,6.0832
20140221,6.0912
20140224,6.0982
20140225,6.1243
20140226,6.1243
20140227,6.1279
20140228,6.1448
20140303,6.1460
20140304,6.1430
20140305,6.1280
20140306,6.1183
20140307,6.1258
20140310,6.1383
20140311,6.1397
20140312,6.1448
20140313,6.1359
20140314,6.1500
20140317,6.1779
20140318,6.1918
20140319,6.1934
20140320,6.2273
20140321,6.2248
20140324,6.1956
20140325,6.2010
20140326,6.2084
20140327,6.2123
20140328,6.2117
20140331,6.2164
20140401,6.2064
20140402,6.2054
20140403,6.2102
20140404,6.2118
20140407,6.2118
20140408,6.1966
20140409,6.2003
20140410,6.2123
20140411,6.2111
20140414,6.2186
20140415,6.2215
20140416,6.2204
20140417,6.2188
20140418,6.2240
20140421,6.2269
20140422,6.2373
20140423,6.2374
20140424,6.2484
20140425,6.2534
20140428,6.2520
20140429,6.2578
20140430,6.2591
20140501,6.2591
20140502,6.2591
20140505,6.2453
20140506,6.2255
20140507,6.2349
20140508,6.2272
20140509,6.2270
20140512,6.2364
20140513,6.2283
20140514,6.2282
20140515,6.2291
20140516,6.2327
20140519,6.2368
20140520,6.2377
20140521,6.2335
20140522,6.2348
20140523,6.2363
20140526,
20140527,6.2471
20140528,6.2535
20140529,6.2375
20140530,6.2471
20140602,6.2471
20140603,6.2536
20140604,6.2494
20140605,6.2548
20140606,6.2498
20140609,6.2397
20140610,6.2240
20140611,6.2277
20140612,6.2175
20140613,6.2090
20140616,6.2250
20140617,6.2263
20140618,6.2309
20140619,6.2287
20140620,6.2240
20140623,6.2250
20140624,6.2308
20140625,6.2343
20140626,6.2235
20140627,6.2180
20140630,6.2036
20140701,6.1995
20140702,6.2101
20140703,6.2115
20140704,
20140707,6.2036
20140708,6.2010
20140709,6.1994
20140710,6.2023
20140711,6.2034
20140714,6.2059
20140715,6.2075
20140716,6.2035
20140717,6.2033
20140718,6.2075
20140721,6.2088
20140722,6.2025
20140723,6.1982
20140724,6.1944
20140725,6.1913
20140728,6.1870
20140729,6.1800
20140730,6.1712
20140731,6.1737
20140801,6.1793
20140804,6.1780
20140805,6.1705
20140806,6.1625
20140807,6.1618
20140808,6.1557
20140811,6.1528
20140812,6.1575
20140813,6.1531
20140814,6.1575
20140815,6.1470
20140818,6.1425
20140819,6.1425
20140820,6.1395
20140821,6.1510
20140822,6.1510
20140825,6.1540
20140826,6.1522
20140827,6.1430
20140828,6.1423
20140829,6.1430
20140901,
20140902,6.1480
20140903,6.1408
20140904,6.1383
20140905,6.1400
20140908,6.1400
20140909,6.1362
20140910,6.1284
20140911,6.1295
20140912,6.1344
20140915,6.1415
20140916,6.1459
20140917,6.1385
20140918,6.1400
20140919,6.1403
20140922,6.1400
20140923,6.1368
20140924,6.1346
20140925,6.1355
20140926,6.1266
20140929,6.1495
20140930,6.1380
20141001,6.1380
20141002,6.1380
20141003,6.1385
20141006,6.1385
20141007,6.1385
20141008,6.1385
20141009,6.1299
20141010,6.1308
20141013,
20141014,6.1250
20141015,6.1249
20141016,6.1230
20141017,6.1238
20141020,6.1233
20141021,6.1205
20141022,6.1180
20141023,6.1190
20141024,6.1168
20141027,6.1160
20141028,6.1130
20141029,6.1107
20141030,6.1140
20141031,6.1124
20141103,6.1178
20141104,6.1150
20141105,6.1135
20141106,6.1117
20141107,6.1225
20141110,6.1190
20141111,
20141112,6.1257
20141113,6.1243
20141114,6.1290
20141117,6.1242
20141118,6.1208
20141119,6.1190
20141120,6.1230
20141121,6.1244
20141124,6.1412
20141125,6.1355
20141126,6.1386
20141127,
20141128,6.1429
20141201,6.1515
20141202,6.1490
20141203,6.1499
20141204,6.1541
20141205,6.1497
20141208,6.1725
20141209,6.1855
20141210,6.1763
20141211,6.1881
20141212,6.1864
20141215,6.1900
20141216,6.1890
20141217,6.1957
20141218,6.2139
20141219,6.2196
20141222,6.2213
20141223,6.2256
20141224,6.2148
20141225,
20141226,
20141229,6.2222
20141230,6.2015
20141231,6.2046
20150101,
20150102,6.2046
20150105,6.2201
20150106,6.2125
20150107,6.2127
20150108,6.2143
20150109,6.2085
20150112,6.2027
20150113,6.1970
20150114,6.1957
20150115,6.1870
20150116,6.2065
20150119,
20150120,6.2137
20150121,6.2112
20150122,6.2085
20150123,6.2279
20150126,6.2535
20150127,6.2430
20150128,6.2475
20150129,6.2463
20150130,6.2495
20150202,6.2594
20150203,6.2573
20150204,6.2472
20150205,6.2516
20150206,6.2417
20150209,6.2467
20150210,6.2405
20150211,6.2422
20150212,6.2440
20150213,6.2399
20150216,
20150217,6.2546
20150218,6.2546
20150219,6.2546
20150220,6.2546
20150223,6.2546
20150224,6.2546
20150225,6.2591
20150226,6.2584
20150227,6.2695
20150302,6.2720
20150303,6.2741
20150304,6.2701
20150305,6.2658
20150306,6.2620
20150309,6.2635
20150310,6.2615
20150311,6.2613
20150312,6.2614
20150313,6.2585
20150316,6.2620
20150317,6.2490
20150318,6.2289
20150319,6.1955
20150320,6.2037
20150323,6.2135
20150324,6.2046
20150325,6.2116
20150326,6.2103
20150327,6.2145
20150330,6.2065
20150331,6.1990
20150401,6.1976
20150402,6.1968
20150403,6.1930
20150406,6.1930
20150407,6.1955
20150408,6.2020
20150409,6.2050
20150410,6.2082
20150413,6.2152
20150414,6.2113
20150415,6.2037
20150416,6.1947
20150417,6.1976
20150420,6.2014
20150421,6.2010
20150422,6.1927
20150423,6.1975
20150424,6.1930
20150427,6.2185
20150428,6.2035
20150429,6.1989
20150430,6.2018
20150501,6.2018
20150504,6.2085
20150505,6.2058
20150506,6.2001
20150507,6.2063
20150508,6.2084
20150511,6.2086
20150512,6.2086
20150513,6.2043
20150514,6.2013
20150515,6.2051
20150518,6.2041
20150519,6.2064
20150520,6.2036
20150521,6.1958
20150522,6.1972
20150525,
20150526,6.2038
20150527,6.2011
20150528,6.2002
20150529,6.1980
20150601,6.1985
20150602,6.1980
20150603,6.1976
20150604,6.2006
20150605,6.2024
20150608,6.2053
20150609,6.2047
20150610,6.2055
20150611,6.2065
20150612,6.2081
20150615,6.2080
20150616,6.2085
20150617,6.2086
20150618,6.2075
20150619,6.2085
20150622,6.2085
20150623,6.2066
20150624,6.2061
20150625,6.2084
20150626,6.2080
20150629,6.2085
20150630,6.2000
20150701,6.2008
20150702,6.2044
20150703,
20150706,6.2089
20150707,6.2097
20150708,6.2087
20150709,6.2086
20150710,6.2092
20150713,6.2081
20150714,6.2088
20150715,6.2082
20150716,6.2094
20150717,6.2085
20150720,6.2095
20150721,6.2095
20150722,6.2093
20150723,6.2091
20150724,6.2095
20150727,6.2091
20150728,6.2084
20150729,6.2089
20150730,6.2096
20150731,6.2097
20150803,6.2087
20150804,6.2086
20150805,6.2096
20150806,6.2096
20150807,6.2087
20150810,6.2094
20150811,6.3232
20150812,6.3845
20150813,6.3982
20150814,6.3908
20150817,6.3937
20150818,6.3928
20150819,6.3956
20150820,6.3875
20150821,6.3887
20150824,6.4029
20150825,6.4122
20150826,6.4083
20150827,6.4053
20150828,6.3890
20150831,6.3760
20150901,6.3630
20150902,6.3544
20150903,6.3549
20150904,6.3549
20150907,
20150908,6.3657
20150909,6.3768
20150910,6.3770
20150911,6.3735
20150914,6.3664
20150915,6.3685
20150916,6.3694
20150917,6.3645
20150918,6.3628
20150921,6.3676
20150922,6.3750
20150923,6.3836
20150924,6.3818
20150925,6.3737
20150928,6.3685
20150929,6.3621
20150930,6.3556
20151001,6.3559
20151002,6.3559
20151005,6.3559
20151006,6.3559
20151007,6.3559
20151008,6.3529
20151009,6.3450
20151012,
20151013,6.3417
20151014,6.3462
20151015,6.3459
20151016,6.3523
20151019,6.3591
20151020,6.3480
20151021,6.3487
20151022,6.3577
20151023,6.3488
20151026,6.3517
20151027,6.3517
20151028,6.3581
20151029,6.3552
20151030,6.3180
20151102,6.3180
20151103,6.3180
20151104,6.3357
20151105,6.3180
20151106,6.3180
20151109,6.3619
20151110,6.3603
20151111,
20151112,6.3690
20151113,6.3735
20151116,6.3700
20151117,6.3771
20151118,6.3834
20151119,6.3825
20151120,6.3835
20151123,6.3890
20151124,6.3883
20151125,6.3877
20151126,
20151127,6.3945
20151130,6.3883
20151201,6.3883
20151202,6.3883
20151203,6.3883
20151204,6.3883
20151207,6.4081
20151208,6.4162
20151209,6.4270
20151210,6.4363
20151211,6.4538
20151214,6.4588
20151215,6.4600
20151216,6.4723
20151217,6.4822
20151218,6.4800
20151221,6.4793
20151222,6.4778
20151223,6.4763
20151224,6.4758
20151225,
20151228,6.4778
20151229,6.4778
20151230,6.4896
20151231,6.4778
20160101,
20160104,6.5338
20160105,6.5219
20160106,6.5554
20160107,6.5926
20160108,6.5932
20160111,6.5675
20160112,6.5700
20160113,6.5700
20160114,6.5891
20160115,6.5840
20160118,
20160119,6.5783
20160120,6.5781
20160121,6.5794
20160122,6.5788
20160125,6.5790
20160126,6.5814
20160127,6.5773
20160128,6.5744
20160129,6.5752
20160201,6.5778
20160202,6.5795
20160203,6.5765
20160204,6.5638
20160205,6.5710
20160208,6.5710
20160209,6.5710
20160210,6.5710
20160211,6.5710
20160212,6.5710
20160215,
20160216,6.5154
20160217,6.5270
20160218,6.5163
20160219,6.5202
20160222,6.5197
20160223,6.5263
20160224,6.5290
20160225,6.5320
20160226,6.5390
20160229,6.5525
20160301,6.5500
20160302,6.5499
20160303,6.5312
20160304,6.5064
20160307,6.5155
20160308,6.5044
20160309,6.5105
20160310,6.5070
20160311,6.4940
20160314,6.4984
20160315,6.5110
20160316,6.5189
20160317,6.4745
20160318,6.4682
20160321,6.4812
20160322,6.4876
20160323,6.5035
20160324,6.5124
20160325,6.5131
20160328,6.5051
20160329,6.5063
20160330,6.4648
20160331,6.4480
20160401,6.4776
20160404,6.4776
20160405,6.4760
20160406,6.4780
20160407,6.4599
20160408,6.4628
20160411,6.4580
20160412,6.4639
20160413,6.4768
20160414,6.4810
20160415,6.4730
20160418,6.4717
20160419,6.4571
20160420,6.4675
20160421,6.4810
20160422,6.5004
20160425,6.4900
20160426,6.4905
20160427,6.4940
20160428,6.4735
20160429,6.4738
20160502,6.4738
20160503,6.4900
20160504,6.4945
20160505,6.5032
20160506,6.4970
20160509,6.5140
20160510,6.5150
20160511,6.4910
20160512,6.5140
20160513,6.5285
20160516,6.5184
20160517,6.5170
20160518,6.5370
20160519,6.5440
20160520,6.5485
20160523,6.5533
20160524,6.5552
20160525,6.5538
20160526,6.5540
20160527,6.5615
20160530,
20160531,6.5798
20160601,6.5748
20160602,6.5815
20160603,6.5638
20160606,6.5611
20160607,6.5710
20160608,6.5600
20160609,6.5590
20160610,6.5590
20160613,6.5823
20160614,6.5930
20160615,6.5785
20160616,6.5899
20160617,6.5849
20160620,6.5768
20160621,6.5893
20160622,6.5750
20160623,6.5740
20160624,6.6150
20160627,6.6481
20160628,6.6450
20160629,6.6350
20160630,6.6459
20160701,6.6547
20160704,
20160705,6.6770
20160706,6.6900
20160707,6.6790
20160708,6.6878
20160711,6.6917
20160712,6.6860
20160713,6.6832
20160714,6.6801
20160715,6.6865
20160718,6.7013
20160719,6.6931
20160720,6.6760
20160721,6.6735
20160722,6.6760
20160725,6.6783
20160726,6.6690
20160727,6.6680
20160728,6.6538
20160729,6.6371
20160801,6.6421
20160802,6.6239
20160803,6.6320
20160804,6.6388
20160805,6.6530
20160808,6.6597
20160809,6.6530
20160810,6.6345
20160811,6.6274
20160812,6.6324
20160815,6.6370
20160816,6.6240
20160817,6.6328
20160818,6.6297
20160819,6.6515
20160822,6.6475
20160823,6.6378
20160824,6.6562
20160825,6.6560
20160826,6.6690
20160829,6.6775
20160830,6.6778
20160831,6.6776
20160901,6.6713
20160902,6.6790
20160905,
20160906,6.6722
20160907,6.6600
20160908,6.6640
20160909,6.6778
20160912,6.6788
20160913,6.6782
20160914,6.6707
20160915,6.6707
20160916,6.6707
20160919,6.6650
20160920,6.6700
20160921,6.6695
20160922,6.6630
20160923,6.6690
20160926,6.6683
20160927,6.6691
20160928,6.6730
20160929,6.6650
20160930,6.6685
20161003,6.6685
20161004,6.6685
20161005,6.6685
20161006,6.6685
20161007,6.6685
20161010,
20161011,6.7190
20161012,6.7180
20161013,6.7248
20161014,6.7277
20161017,6.7350
20161018,6.7401
20161019,6.7370
20161020,6.7439
20161021,6.7654
20161024,6.7728
20161025,6.7780
20161026,6.7706
20161027,6.7819
20161028,6.7760
20161031,6.7735
20161101,6.7630
20161102,6.7606
20161103,6.7612
20161104,6.7534
20161107,6.7740
20161108,6.7840
20161109,6.7769
20161110,6.7987
20161111,
20161114,6.8447
20161115,6.8556
20161116,6.8770
20161117,6.8674
20161118,6.8873
20161121,6.8918
20161122,6.8880
20161123,6.9195
20161124,
20161125,6.9176
20161128,6.9055
20161129,6.8933
20161130,6.8837
20161201,6.8830
20161202,6.8830
20161205,6.8775
20161206,6.8790
20161207,6.8780
20161208,6.8771
20161209,6.9042
20161212,6.9045
20161213,6.8984
20161214,6.9025
20161215,6.9410
20161216,6.9580
20161219,6.9506
20161220,6.9470
20161221,6.9390
20161222,6.9473
20161223,6.9432
20161226,
20161227,6.9491
20161228,6.9559
20161229,6.9535
20161230,6.9430
20170102,
20170103,6.9575
20170104,6.9322
20170105,6.8870
20170106,6.9176
20170109,6.9350
20170110,6.9180
20170111,6.9365
20170112,6.8890
20170113,6.8985
20170116,
20170117,6.8520
20170118,6.8360
20170119,6.8680
20170120,
20170123,6.8514
20170124,6.8555
20170125,6.8812
20170126,6.8768
20170127,6.8768
20170130,6.8768
20170131,6.8768
20170201,6.8768
20170202,6.8768
20170203,6.8650
20170206,6.8600
20170207,6.8821
20170208,6.8700
20170209,6.8660
20170210,6.8775
20170213,6.8776
20170214,6.8649
20170215,6.8685
20170216,6.8517
20170217,6.8640
20170220,
20170221,6.8810
20170222,6.8765
20170223,6.8622
20170224,6.8645
20170227,6.8675
20170228,6.8665
20170301,6.8794
20170302,6.8868
20170303,6.8954
20170306,6.8955
20170307,6.9000
20170308,6.9113
20170309,6.9086
20170310,6.9050
20170313,6.9050
20170314,6.9130
20170315,6.9132
20170316,6.9130
20170317,6.9000
20170320,6.9050
20170321,6.8830
20170322,6.8785
20170323,6.8843
20170324,6.8803
20170327,6.8687
20170328,6.8779
20170329,6.8879
20170330,6.8870
20170331,6.8832
20170403,6.8832
20170404,6.8832
20170405,6.8920
20170406,6.8955
20170407,6.8978
20170410,6.8988
20170411,6.8893
20170412,6.8890
20170413,6.8865
20170414,6.8835
20170417,6.8800
20170418,6.8778
20170419,6.8860
20170420,6.8800
20170421,6.8845
20170424,6.8840
20170425,6.8824
20170426,6.8918
20170427,6.8958
20170428,6.8900
20170501,6.8900
20170502,6.8949
20170503,6.8968
20170504,6.8959
20170505,6.9021
20170508,6.9040
20170509,6.9060
20170510,6.9011
20170511,6.9033
20170512,6.8972
20170515,6.8900
20170516,6.8840
20170517,6.8773
20170518,6.8880
20170519,6.8830
20170522,6.8828
20170523,6.8880
20170524,6.8883
20170525,6.8672
20170526,6.8525
20170529,
20170530,6.8525
20170531,6.8098
20170601,6.8029
20170602,6.8085
20170605,6.8030
20170606,6.7945
20170607,6.7935
20170608,6.7990
20170609,6.7970
20170612,6.7974
20170613,6.7981
20170614,6.7888
20170615,6.8061
20170616,6.8097
20170619,6.8180
20170620,6.8285
20170621,6.8275
20170622,6.8275
20170623,6.8345
20170626,6.8382
20170627,6.8100
20170628,6.7984
20170629,6.7840
20170630,6.7793
20170703,6.7984
20170704,
20170705,6.7995
20170706,6.7990
20170707,6.8039
20170710,6.8026
20170711,6.8010
20170712,6.7865
20170713,6.7825
20170714,6.7741
20170717,6.7690
20170718,6.7451
20170719,6.7511
20170720,6.7570
20170721,6.7663
20170724,6.7488
20170725,6.7495
20170726,6.7530
20170727,6.7410
20170728,6.7362
20170731,6.7240
20170801,6.7170
20170802,6.7200
20170803,6.7150
20170804,6.7272
20170807,6.7207
20170808,6.7049
20170809,6.6720
20170810,6.6460
20170811,6.6612
20170814,6.6695
20170815,6.6845
20170816,6.6900
20170817,6.6730
20170818,6.6700
20170821,6.6630
20170822,6.6600
20170823,6.6569
20170824,6.6600
20170825,6.6465
20170828,6.6084
20170829,6.5945
20170830,6.5918
20170831,6.5888
20170901,6.5552
20170904,
20170905,6.5345
20170906,6.5221
20170907,6.4830
20170908,6.4773
20170911,6.5254
20170912,6.5334
20170913,6.5400
20170914,6.5520
20170915,6.5500
20170918,6.5725
20170919,6.5800
20170920,6.5700
20170921,6.5861
20170922,6.5899
20170925,6.6189
20170926,6.6371
20170927,6.6400
20170928,6.6591
20170929,6.6533
20171002,6.6533
20171003,6.6533
20171004,6.6533
20171005,6.6533
20171006,6.6533
20171009,
20171010,6.5712
20171011,6.5870
20171012,6.5855
20171013,6.5785
20171016,6.5885
20171017,6.6220
20171018,6.6250
20171019,6.6126
20171020,6.6185
20171023,6.6380
20171024,6.6335
20171025,6.6350
20171026,6.6392
20171027,6.6498
20171030,6.6498
20171031,6.6328
20171101,6.6018
20171102,6.6068
20171103,6.6360
20171106,6.6311
20171107,6.6380
20171108,6.6249
20171109,6.6378
20171110,
20171113,6.6385
20171114,6.6350
20171115,6.6200
20171116,6.6273
20171117,6.6245
20171120,6.6245
20171121,6.6265
20171122,6.6086
20171123,
20171124,6.5998
20171127,6.5967
20171128,6.6044
20171129,6.6091
20171130,6.6090
20171201,6.6137
20171204,6.6185
20171205,6.6170
20171206,6.6136
20171207,6.6173
20171208,6.6199
20171211,6.6175
20171212,6.6210
20171213,6.6171
20171214,6.6091
20171215,6.6088
20171218,6.6088
20171219,6.6088
20171220,6.5771
20171221,6.5833
20171222,6.5750
20171225,
20171226,6.5429
20171227,6.5560
20171228,6.5322
20171229,6.5063
20180101,
20180102,6.4910
20180103,6.5010
20180104,6.4915
20180105,6.4875
20180108,6.4970
20180109,6.5263
20180110,6.5055
20180111,6.4956
20180112,6.4607
20180115,
20180116,6.4395
20180117,6.4330
20180118,6.4175
20180119,6.3990
20180122,6.4035
20180123,6.4000
20180124,6.3650
20180125,6.3189
20180126,6.3199
20180129,6.3328
20180130,6.3199
20180131,6.2841
20180201,6.2969
20180202,6.2984
20180205,6.2850
20180206,6.2830
20180207,6.2649
20180208,6.3222
20180209,6.2966
20180212,6.3250
20180213,6.3380
20180214,6.3438
20180215,6.3438
20180216,6.3438
20180219,
20180220,6.3351
20180221,6.3351
20180222,6.3471
20180223,6.3329
20180226,6.3115
20180227,6.3169
20180228,6.3280
20180301,6.3565
20180302,6.3428
20180305,6.3491
20180306,6.3093
20180307,6.3225
20180308,6.3389
20180309,6.3285
20180312,6.3270
20180313,6.3180
20180314,6.3140
20180315,6.3202
20180316,6.3300
20180319,6.3291
20180320,6.3328
20180321,6.3200
20180322,6.3310
20180323,6.3110
20180326,6.2685
20180327,6.2781
20180328,6.2946
20180329,6.2876
20180330,6.2726
20180402,6.2785
20180403,6.2881
20180404,6.3045
20180405,6.3045
20180406,6.3045
20180409,6.3035
20180410,6.2798
20180411,6.2655
20180412,6.2876
20180413,6.2725
20180416,6.2752
20180417,6.2804
20180418,6.2722
20180419,6.2765
20180420,6.2945
20180423,6.3158
20180424,6.3035
20180425,6.3236
20180426,6.3340
20180427,6.3325
20180430,6.3325
20180501,6.3325
20180502,6.3610
20180503,6.3520
20180504,6.3589
20180507,6.3640
20180508,6.3690
20180509,6.3585
20180510,6.3440
20180511,6.3333
20180514,6.3360
20180515,6.3760
20180516,6.3706
20180517,6.3645
20180518,6.3768
20180521,6.3815
20180522,6.3660
20180523,6.3875
20180524,6.3757
20180525,6.3903
20180528,
20180529,6.4162
20180530,6.4175
20180531,6.4096
20180601,6.4180
20180604,6.4050
20180605,6.4042
20180606,6.3850
20180607,6.3890
20180608,6.4031
20180611,6.4000
20180612,6.3992
20180613,6.3944
20180614,6.3980
20180615,6.4379
20180618,6.4379
20180619,6.4802
20180620,6.4713
20180621,6.4900
20180622,6.5027
20180625,6.5360
20180626,6.5759
20180627,6.5992
20180628,6.6235
20180629,6.6171
20180702,6.6632
20180703,6.6368
20180704,
20180705,6.6341
20180706,6.6396
20180709,6.6123
20180710,6.6296
20180711,6.6764
20180712,6.6630
20180713,6.6900
20180716,6.6866
20180717,6.7018
20180718,6.7161
20180719,6.7701
20180720,6.7659
20180723,6.7927
20180724,6.7912
20180725,6.7658
20180726,6.7865
20180727,6.8097
20180730,6.8102
20180731,6.8038
20180801,6.8154
20180802,6.8380
20180803,6.8309
20180806,6.8500
20180807,6.8280
20180808,6.8344
20180809,6.8199
20180810,6.8458
20180813,6.8880
20180814,6.8809
20180815,6.9330
20180816,6.8792
20180817,6.8740
20180820,6.8546
20180821,6.8444
20180822,6.8400
20180823,6.8748
20180824,6.8030
20180827,6.8145
20180828,6.8018
20180829,6.8190
20180830,6.8415
20180831,6.8300
20180903,
20180904,6.8427
20180905,6.8270
20180906,6.8322
20180907,6.8419
20180910,6.8545
20180911,6.8704
20180912,6.8574
20180913,6.8407
20180914,6.8673
20180917,6.8540
20180918,6.8591
20180919,6.8466
20180920,6.8455
20180921,6.8559
20180924,6.8559
20180925,6.8632
20180926,6.8763
20180927,6.8880
20180928,6.8680
20181001,6.8680
20181002,6.8680
20181003,6.8680
20181004,6.8680
20181005,6.8680
20181008,
20181009,6.9217
20181010,6.9224
20181011,6.8880
20181012,6.9182
20181015,6.9131
20181016,6.9102
20181017,6.9263
20181018,6.9367
20181019,6.9291
20181022,6.9446
20181023,6.9373
20181024,6.9420
20181025,6.9477
20181026,6.9425
20181029,6.9605
20181030,6.9663
20181031,6.9737
20181101,6.9205
20181102,6.8894
20181105,6.9249
20181106,6.9172
20181107,6.9174
20181108,6.9318
20181109,6.9553
20181112,
20181113,6.9546
20181114,6.9500
20181115,6.9380
20181116,6.9367
20181119,6.9398
20181120,6.9448
20181121,6.9248
20181122,
20181123,6.9477
20181126,6.9397
20181127,6.9498
20181128,6.9534
20181129,6.9419
20181130,6.9558
20181203,6.8798
20181204,6.8343
20181205,
20181206,6.8816
20181207,6.8733
20181210,6.9077
20181211,6.8968
20181212,6.8778
20181213,6.8798
20181214,6.9050
20181217,6.8962
20181218,6.8939
20181219,6.8918
20181220,6.8834
20181221,6.9048
20181224,
20181225,
20181226,6.8847
20181227,6.8649
20181228,6.8755
20181231,6.8755
20190101,
20190102,6.8597
20190103,6.8708
20190104,6.8663
