date,exinus
20100101,
20100104,46.27
20100105,46.13
20100106,45.72
20100107,45.67
20100108,45.50
20100111,45.35
20100112,45.60
20100113,45.47
20100114,45.55
20100115,45.80
20100118,
20100119,45.84
20100120,46.10
20100121,46.10
20100122,46.21
20100125,46.06
20100126,
20100127,46.30
20100128,46.35
20100129,46.08
20100201,46.27
20100202,46.11
20100203,45.97
20100204,46.21
20100205,46.72
20100208,46.79
20100209,46.49
20100210,46.36
20100211,46.39
20100212,46.44
20100215,
20100216,45.99
20100217,46.00
20100218,46.20
20100219,46.24
20100222,46.15
20100223,46.25
20100224,46.27
20100225,46.29
20100226,46.05
20100301,46.01
20100302,46.01
20100303,45.55
20100304,45.82
20100305,45.49
20100308,45.50
20100309,45.60
20100310,45.35
20100311,45.49
20100312,45.48
20100315,45.55
20100316,45.45
20100317,45.28
20100318,45.45
20100319,45.31
20100322,45.52
20100323,45.50
20100324,45.40
20100325,45.50
20100326,45.16
20100329,44.94
20100330,45.06
20100331,44.95
20100401,44.79
20100402,44.74
20100405,44.39
20100406,44.41
20100407,44.44
20100408,44.41
20100409,44.10
20100412,44.41
20100413,44.47
20100414,44.20
20100415,44.32
20100416,44.30
20100419,44.72
20100420,44.50
20100421,44.54
20100422,44.52
20100423,44.42
20100426,44.33
20100427,44.41
20100428,44.54
20100429,44.61
20100430,44.20
20100503,44.46
20100504,44.62
20100505,44.82
20100506,45.29
20100507,45.40
20100510,44.84
20100511,45.10
20100512,45.08
20100513,45.00
20100514,45.20
20100517,45.51
20100518,45.51
20100519,46.27
20100520,46.80
20100521,46.90
20100524,46.97
20100525,47.49
20100526,47.10
20100527,46.71
20100528,46.31
20100531,
20100601,47.08
20100602,46.89
20100603,46.55
20100604,46.85
20100607,47.08
20100608,46.82
20100609,46.95
20100610,46.89
20100611,46.76
20100614,46.40
20100615,46.41
20100616,46.43
20100617,46.22
20100618,45.96
20100621,45.64
20100622,46.00
20100623,46.19
20100624,46.48
20100625,46.36
20100628,46.20
20100629,46.40
20100630,46.41
20100701,46.59
20100702,46.55
20100705,
20100706,46.76
20100707,46.96
20100708,46.87
20100709,46.66
20100712,46.66
20100713,46.74
20100714,46.71
20100715,46.50
20100716,46.70
20100719,47.10
20100720,47.23
20100721,47.08
20100722,47.12
20100723,46.90
20100726,47.04
20100727,46.25
20100728,46.70
20100729,46.53
20100730,46.35
20100802,46.09
20100803,46.11
20100804,46.02
20100805,46.06
20100806,45.94
20100809,46.07
20100810,46.30
20100811,46.66
20100812,46.70
20100813,46.61
20100816,46.68
20100817,46.60
20100818,46.54
20100819,46.35
20100820,45.70
20100823,46.50
20100824,46.86
20100825,46.87
20100826,46.78
20100827,46.80
20100830,46.87
20100831,47.02
20100901,46.74
20100902,46.65
20100903,46.58
20100906,
20100907,46.82
20100908,46.50
20100909,46.30
20100910,46.28
20100913,46.26
20100914,46.15
20100915,46.23
20100916,46.14
20100917,45.88
20100920,45.65
20100921,45.59
20100922,45.56
20100923,45.56
20100924,45.10
20100927,44.94
20100928,45.04
20100929,44.80
20100930,44.56
20101001,44.41
20101004,44.55
20101005,44.46
20101006,44.25
20101007,44.21
20101008,44.39
20101011,
20101012,44.55
20101013,44.35
20101014,44.05
20101015,44.15
20101018,44.26
20101019,44.30
20101020,44.25
20101021,44.25
20101022,44.52
20101025,44.39
20101026,44.54
20101027,44.40
20101028,44.36
20101029,44.44
20101101,44.36
20101102,44.00
20101103,44.38
20101104,44.08
20101105,43.90
20101108,44.29
20101109,44.25
20101110,44.28
20101111,
20101112,44.78
20101115,45.11
20101116,45.51
20101117,45.09
20101118,45.14
20101119,45.25
20101122,45.48
20101123,45.56
20101124,45.72
20101125,
20101126,45.82
20101129,45.80
20101130,45.83
20101201,45.29
20101202,45.09
20101203,44.90
20101206,44.89
20101207,44.70
20101208,45.00
20101209,45.13
20101210,45.10
20101213,45.18
20101214,45.01
20101215,45.38
20101216,45.54
20101217,45.16
20101220,45.40
20101221,45.19
20101222,45.05
20101223,45.06
20101224,
20101227,45.26
20101228,45.00
20101229,44.97
20101230,44.80
20101231,
20110103,44.59
20110104,44.90
20110105,45.35
20110106,45.15
20110107,45.35
20110110,45.36
20110111,45.08
20110112,45.02
20110113,45.02
20110114,45.41
20110117,
20110118,45.32
20110119,45.50
20110120,45.77
20110121,45.58
20110124,45.51
20110125,45.70
20110126,45.46
20110127,45.68
20110128,45.83
20110131,45.92
20110201,45.65
20110202,45.55
20110203,45.66
20110204,45.60
20110207,45.35
20110208,45.15
20110209,45.36
20110210,45.64
20110211,45.60
20110214,45.44
20110215,45.41
20110216,45.40
20110217,45.25
20110218,45.10
20110221,
20110222,45.15
20110223,45.06
20110224,45.40
20110225,45.26
20110228,45.18
20110301,44.82
20110302,44.81
20110303,45.04
20110304,44.89
20110307,44.95
20110308,45.03
20110309,44.88
20110310,45.17
20110311,45.24
20110314,44.99
20110315,45.22
20110316,45.00
20110317,45.12
20110318,45.06
20110321,44.98
20110322,44.95
20110323,44.80
20110324,44.69
20110325,44.60
20110328,44.80
20110329,44.70
20110330,44.75
20110331,44.54
20110401,44.44
20110404,44.30
20110405,44.30
20110406,44.06
20110407,44.18
20110408,44.05
20110411,44.33
20110412,44.17
20110413,44.46
20110414,44.39
20110415,44.26
20110418,44.36
20110419,44.49
20110420,44.33
20110421,44.26
20110422,44.36
20110425,44.41
20110426,44.51
20110427,44.00
20110428,44.42
20110429,44.24
20110502,44.27
20110503,44.47
20110504,44.35
20110505,44.76
20110506,44.72
20110509,44.68
20110510,44.75
20110511,44.59
20110512,44.98
20110513,44.86
20110516,45.15
20110517,45.13
20110518,45.06
20110519,44.90
20110520,44.99
20110523,45.22
20110524,45.21
20110525,45.32
20110526,45.33
20110527,45.17
20110530,
20110531,45.04
20110601,44.84
20110602,44.86
20110603,44.82
20110606,44.78
20110607,44.67
20110608,44.72
20110609,44.64
20110610,44.72
20110613,44.85
20110614,44.74
20110615,44.79
20110616,44.88
20110617,44.76
20110620,44.92
20110621,44.84
20110622,44.82
20110623,44.89
20110624,44.99
20110627,44.94
20110628,45.00
20110629,44.78
20110630,44.59
20110701,44.62
20110704,
20110705,44.35
20110706,44.48
20110707,44.32
20110708,44.41
20110711,44.48
20110712,44.60
20110713,44.52
20110714,44.50
20110715,44.51
20110718,44.60
20110719,44.48
20110720,44.44
20110721,44.40
20110722,44.34
20110725,44.39
20110726,44.10
20110727,44.15
20110728,44.03
20110729,44.20
20110801,44.06
20110802,44.26
20110803,44.31
20110804,44.56
20110805,44.73
20110808,45.00
20110809,45.20
20110810,45.25
20110811,45.29
20110812,45.39
20110815,45.23
20110816,45.25
20110817,45.30
20110818,45.71
20110819,45.66
20110822,45.56
20110823,45.62
20110824,45.89
20110825,46.04
20110826,46.15
20110829,45.95
20110830,46.01
20110831,45.79
20110901,45.66
20110902,45.74
20110905,
20110906,46.00
20110907,46.07
20110908,46.20
20110909,46.64
20110912,47.22
20110913,47.49
20110914,47.58
20110915,47.54
20110916,47.27
20110919,47.72
20110920,47.93
20110921,48.32
20110922,49.47
20110923,49.34
20110926,49.47
20110927,48.92
20110928,48.94
20110929,48.93
20110930,49.05
20111003,49.09
20111004,49.30
20111005,49.24
20111006,49.18
20111007,48.89
20111010,
20111011,49.24
20111012,48.95
20111013,49.22
20111014,48.89
20111017,49.03
20111018,49.33
20111019,49.17
20111020,49.86
20111021,49.82
20111024,49.72
20111025,49.41
20111026,49.40
20111027,49.00
20111028,48.63
20111031,48.67
20111101,49.26
20111102,49.10
20111103,49.04
20111104,48.99
20111107,48.94
20111108,49.39
20111109,50.05
20111110,49.98
20111111,
20111114,50.37
20111115,50.62
20111116,50.66
20111117,50.95
20111118,51.23
20111121,52.06
20111122,52.48
20111123,52.26
20111124,
20111125,52.23
20111128,51.94
20111129,51.90
20111130,52.12
20111201,51.36
20111202,50.50
20111205,51.31
20111206,51.23
20111207,51.62
20111208,51.70
20111209,51.87
20111212,52.60
20111213,53.09
20111214,53.71
20111215,53.55
20111216,52.49
20111219,52.69
20111220,52.76
20111221,52.39
20111222,52.56
20111223,52.78
20111226,
20111227,52.93
20111228,52.88
20111229,53.00
20111230,53.01
20120102,
20120103,53.11
20120104,52.85
20120105,52.89
20120106,52.67
20120109,52.39
20120110,51.59
20120111,51.78
20120112,51.51
20120113,51.43
20120116,
20120117,50.69
20120118,50.40
20120119,50.30
20120120,50.22
20120123,49.99
20120124,50.02
20120125,50.18
20120126,49.42
20120127,49.39
20120130,49.66
20120131,49.54
20120201,49.27
20120202,49.03
20120203,48.65
20120206,49.05
20120207,49.20
20120208,49.22
20120209,49.35
20120210,49.48
20120213,49.14
20120214,49.40
20120215,49.35
20120216,49.43
20120217,49.31
20120220,
20120221,49.21
20120222,49.24
20120223,49.19
20120224,48.98
20120227,49.12
20120228,49.01
20120229,48.99
20120301,49.14
20120302,49.55
20120305,49.82
20120306,50.38
20120307,50.27
20120308,50.17
20120309,49.75
20120312,49.98
20120313,49.92
20120314,50.00
20120315,50.28
20120316,50.11
20120319,50.16
20120320,50.48
20120321,50.60
20120322,51.28
20120323,51.18
20120326,51.03
20120327,50.66
20120328,50.97
20120329,51.38
20120330,50.89
20120402,50.79
20120403,50.64
20120404,51.18
20120405,51.11
20120406,51.14
20120409,51.10
20120410,51.47
20120411,51.50
20120412,51.22
20120413,51.45
20120416,51.60
20120417,51.41
20120418,51.79
20120419,52.07
20120420,52.02
20120423,52.38
20120424,52.63
20120425,52.45
20120426,52.44
20120427,52.45
20120430,52.65
20120501,52.50
20120502,52.97
20120503,53.33
20120504,53.41
20120507,52.91
20120508,53.14
20120509,53.75
20120510,53.25
20120511,53.63
20120514,53.92
20120515,53.91
20120516,54.34
20120517,54.37
20120518,54.48
20120521,54.97
20120522,55.34
20120523,55.95
20120524,55.55
20120525,55.35
20120528,
20120529,55.71
20120530,56.13
20120531,56.38
20120601,55.44
20120604,55.65
20120605,55.54
20120606,55.26
20120607,54.91
20120608,55.39
20120611,55.69
20120612,55.60
20120613,55.56
20120614,55.70
20120615,55.34
20120618,55.85
20120619,55.87
20120620,56.24
20120621,56.25
20120622,57.11
20120625,57.13
20120626,56.95
20120627,56.93
20120628,56.81
20120629,55.57
20120702,55.45
20120703,54.31
20120704,
20120705,54.95
20120706,55.47
20120709,55.87
20120710,55.39
20120711,55.52
20120712,55.83
20120713,55.10
20120716,55.05
20120717,55.03
20120718,55.33
20120719,55.16
20120720,55.27
20120723,55.92
20120724,56.22
20120725,56.10
20120726,55.59
20120727,55.39
20120730,55.42
20120731,55.55
20120801,55.47
20120802,55.84
20120803,55.75
20120806,55.52
20120807,55.06
20120808,55.28
20120809,55.17
20120810,55.18
20120813,55.34
20120814,55.66
20120815,55.66
20120816,55.62
20120817,55.62
20120820,55.50
20120821,55.46
20120822,55.50
20120823,55.14
20120824,55.41
20120827,55.68
20120828,55.65
20120829,55.69
20120830,55.63
20120831,55.52
20120903,
20120904,55.61
20120905,55.88
20120906,55.64
20120907,55.27
20120910,55.44
20120911,55.25
20120912,55.21
20120913,55.34
20120914,53.30
20120917,53.88
20120918,53.90
20120919,53.99
20120920,54.26
20120921,53.46
20120924,53.43
20120925,53.36
20120926,53.52
20120927,52.99
20120928,52.92
20121001,52.46
20121002,52.42
20121003,52.25
20121004,51.74
20121005,51.77
20121008,
20121009,52.73
20121010,53.05
20121011,52.66
20121012,52.81
20121015,53.09
20121016,52.89
20121017,52.86
20121018,53.46
20121019,54.08
20121022,53.51
20121023,53.72
20121024,53.73
20121025,53.55
20121026,53.55
20121029,54.10
20121030,53.96
20121031,53.80
20121101,53.76
20121102,53.75
20121105,54.60
20121106,54.42
20121107,54.37
20121108,54.30
20121109,54.61
20121112,
20121113,54.82
20121114,54.87
20121115,54.65
20121116,55.16
20121119,55.05
20121120,55.10
20121121,55.14
20121122,
20121123,55.44
20121126,55.63
20121127,55.35
20121128,55.70
20121129,54.71
20121130,54.26
20121203,54.66
20121204,54.73
20121205,54.46
20121206,54.31
20121207,54.35
20121210,54.42
20121211,54.31
20121212,54.23
20121213,54.36
20121214,54.49
20121217,54.68
20121218,54.91
20121219,54.67
20121220,54.92
20121221,55.06
20121224,54.95
20121225,
20121226,54.86
20121227,54.94
20121228,54.77
20121231,54.86
20130101,
20130102,54.23
20130103,54.46
20130104,54.93
20130107,55.20
20130108,55.02
20130109,54.79
20130110,54.49
20130111,54.81
20130114,54.50
20130115,54.58
20130116,54.66
20130117,54.35
20130118,53.82
20130121,
20130122,53.72
20130123,53.66
20130124,53.67
20130125,53.78
20130128,53.97
20130129,53.64
20130130,53.21
20130131,53.32
20130201,53.16
20130204,53.24
20130205,52.99
20130206,53.07
20130207,53.22
20130208,53.58
20130211,53.95
20130212,53.75
20130213,53.79
20130214,53.94
20130215,54.28
20130218,
20130219,54.26
20130220,54.18
20130221,54.47
20130222,54.28
20130225,53.96
20130226,54.14
20130227,53.72
20130228,54.37
20130301,54.90
20130304,54.92
20130305,54.87
20130306,54.83
20130307,54.45
20130308,54.32
20130311,54.38
20130312,54.19
20130313,54.30
20130314,54.22
20130315,54.06
20130318,54.10
20130319,54.40
20130320,54.32
20130321,54.27
20130322,54.30
20130325,54.22
20130326,54.42
20130327,54.45
20130328,54.44
20130329,54.52
20130401,54.28
20130402,54.43
20130403,54.46
20130404,54.91
20130405,54.75
20130408,54.58
20130409,54.47
20130410,54.41
20130411,54.36
20130412,54.62
20130415,54.48
20130416,54.08
20130417,54.16
20130418,53.95
20130419,53.98
20130422,54.19
20130423,54.39
20130424,54.22
20130425,54.11
20130426,54.41
20130429,54.20
20130430,53.68
20130501,53.65
20130502,53.79
20130503,53.80
20130506,54.13
20130507,54.06
20130508,54.08
20130509,54.34
20130510,54.94
20130513,54.85
20130514,54.50
20130515,54.78
20130516,54.68
20130517,55.17
20130520,55.02
20130521,55.42
20130522,55.62
20130523,55.70
20130524,55.78
20130527,
20130528,56.07
20130529,56.28
20130530,56.50
20130531,56.50
20130603,56.66
20130604,56.43
20130605,56.84
20130606,56.92
20130607,56.57
20130610,58.13
20130611,58.34
20130612,57.82
20130613,58.07
20130614,57.56
20130617,57.97
20130618,58.79
20130619,58.70
20130620,59.57
20130621,59.43
20130624,59.80
20130625,59.66
20130626,60.70
20130627,60.19
20130628,59.52
20130701,59.38
20130702,59.54
20130703,60.21
20130704,
20130705,60.23
20130708,60.75
20130709,60.09
20130710,59.88
20130711,59.82
20130712,59.88
20130715,59.89
20130716,59.29
20130717,59.34
20130718,59.59
20130719,59.37
20130722,59.71
20130723,59.64
20130724,59.14
20130725,59.01
20130726,59.08
20130729,59.33
20130730,60.80
20130731,60.77
20130801,60.45
20130802,60.88
20130805,60.88
20130806,60.78
20130807,61.20
20130808,60.72
20130809,60.34
20130812,61.15
20130813,61.33
20130814,61.27
20130815,61.41
20130816,61.65
20130819,63.13
20130820,63.21
20130821,64.11
20130822,64.55
20130823,63.22
20130826,64.26
20130827,66.24
20130828,68.80
20130829,66.55
20130830,65.71
20130902,
20130903,67.71
20130904,67.08
20130905,66.01
20130906,65.23
20130909,65.24
20130910,63.83
20130911,63.26
20130912,63.42
20130913,63.36
20130916,62.83
20130917,63.36
20130918,63.37
20130919,61.76
20130920,62.27
20130923,62.57
20130924,62.72
20130925,62.20
20130926,61.68
20130927,62.48
20130930,62.58
20131001,62.46
20131002,62.46
20131003,61.97
20131004,61.42
20131007,61.79
20131008,61.79
20131009,61.92
20131010,61.30
20131011,61.07
20131014,
20131015,61.84
20131016,61.72
20131017,61.13
20131018,61.26
20131021,61.56
20131022,61.64
20131023,61.54
20131024,61.48
20131025,61.40
20131028,61.54
20131029,61.34
20131030,61.09
20131031,61.61
20131101,61.84
20131104,61.74
20131105,61.76
20131106,62.48
20131107,62.41
20131108,62.48
20131111,
20131112,63.73
20131113,63.28
20131114,63.12
20131115,62.97
20131118,62.07
20131119,62.26
20131120,62.34
20131121,62.94
20131122,62.72
20131125,62.37
20131126,62.47
20131127,62.47
20131128,
20131129,62.39
20131202,62.30
20131203,62.38
20131204,61.90
20131205,61.60
20131206,61.43
20131209,60.87
20131210,61.04
20131211,61.38
20131212,61.85
20131213,62.16
20131216,61.68
20131217,61.92
20131218,62.06
20131219,62.14
20131220,61.98
20131223,61.83
20131224,61.75
20131225,
20131226,62.15
20131227,61.92
20131230,61.77
20131231,61.92
20140101,
20140102,62.31
20140103,62.17
20140106,62.31
20140107,62.30
20140108,62.07
20140109,62.07
20140110,61.45
20140113,61.52
20140114,61.51
20140115,61.54
20140116,61.54
20140117,61.54
20140120,
20140121,61.94
20140122,61.86
20140123,62.11
20140124,62.68
20140127,63.09
20140128,62.56
20140129,62.46
20140130,62.56
20140131,62.63
20140203,62.63
20140204,62.27
20140205,62.57
20140206,62.14
20140207,62.09
20140210,62.44
20140211,62.15
20140212,61.84
20140213,62.23
20140214,61.87
20140217,
20140218,62.20
20140219,62.32
20140220,62.21
20140221,62.13
20140224,62.07
20140225,61.96
20140226,62.11
20140227,62.11
20140228,61.78
20140303,62.17
20140304,61.91
20140305,61.75
20140306,60.89
20140307,61.24
20140310,60.84
20140311,61.01
20140312,61.01
20140313,61.20
20140314,61.19
20140317,61.08
20140318,61.10
20140319,60.95
20140320,61.33
20140321,60.90
20140324,60.78
20140325,60.27
20140326,60.13
20140327,60.26
20140328,59.89
20140331,60.00
20140401,59.86
20140402,59.90
20140403,60.35
20140404,60.08
20140407,60.11
20140408,60.08
20140409,60.09
20140410,60.07
20140411,60.18
20140414,60.32
20140415,60.34
20140416,60.22
20140417,60.29
20140418,60.29
20140421,60.59
20140422,60.80
20140423,61.17
20140424,61.11
20140425,60.64
20140428,60.69
20140429,60.23
20140430,60.21
20140501,60.11
20140502,60.02
20140505,60.21
20140506,59.97
20140507,60.01
20140508,60.06
20140509,60.00
20140512,59.48
20140513,59.44
20140514,59.49
20140515,59.38
20140516,58.62
20140519,58.38
20140520,58.58
20140521,58.66
20140522,58.30
20140523,58.36
20140526,
20140527,58.90
20140528,58.94
20140529,58.90
20140530,59.16
20140602,59.15
20140603,59.32
20140604,59.34
20140605,59.24
20140606,59.17
20140609,59.18
20140610,59.18
20140611,59.32
20140612,59.19
20140613,59.64
20140616,60.16
20140617,60.32
20140618,60.28
20140619,60.09
20140620,60.23
20140623,60.14
20140624,60.14
20140625,60.11
20140626,60.17
20140627,60.04
20140630,60.06
20140701,60.05
20140702,59.69
20140703,59.74
20140704,
20140707,60.01
20140708,59.78
20140709,59.75
20140710,60.19
20140711,60.08
20140714,60.11
20140715,60.15
20140716,60.12
20140717,60.35
20140718,60.33
20140721,60.24
20140722,60.16
20140723,60.00
20140724,60.11
20140725,60.04
20140728,60.13
20140729,60.12
20140730,60.40
20140731,60.55
20140801,61.20
20140804,60.94
20140805,61.05
20140806,61.25
20140807,61.20
20140808,61.18
20140811,61.17
20140812,61.09
20140813,61.22
20140814,60.77
20140815,60.77
20140818,60.77
20140819,60.67
20140820,60.58
20140821,60.56
20140822,60.47
20140825,60.56
20140826,60.43
20140827,60.45
20140828,60.51
20140829,61.51
20140901,
20140902,60.69
20140903,60.41
20140904,60.38
20140905,60.26
20140908,60.29
20140909,60.60
20140910,60.95
20140911,60.93
20140912,60.95
20140915,61.03
20140916,61.06
20140917,60.90
20140918,60.78
20140919,60.80
20140922,60.93
20140923,61.04
20140924,60.93
20140925,61.33
20140926,61.14
20140929,61.53
20140930,61.92
20141001,61.71
20141002,61.61
20141003,61.81
20141006,61.68
20141007,61.28
20141008,61.38
20141009,60.92
20141010,61.27
20141013,
20141014,61.38
20141015,61.42
20141016,61.80
20141017,61.46
20141020,61.20
20141021,61.14
20141022,61.18
20141023,61.16
20141024,61.16
20141027,61.28
20141028,61.17
20141029,61.20
20141030,61.42
20141031,61.44
20141103,61.38
20141104,61.38
20141105,61.49
20141106,61.45
20141107,61.50
20141110,61.52
20141111,
20141112,61.40
20141113,61.55
20141114,61.70
20141117,61.82
20141118,61.72
20141119,61.98
20141120,61.92
20141121,61.76
20141124,61.85
20141125,61.89
20141126,61.78
20141127,
20141128,62.20
20141201,61.94
20141202,61.80
20141203,61.85
20141204,61.78
20141205,61.90
20141208,61.82
20141209,61.87
20141210,62.10
20141211,62.46
20141212,62.52
20141215,63.16
20141216,63.65
20141217,63.52
20141218,62.98
20141219,63.24
20141222,63.22
20141223,63.40
20141224,63.55
20141225,
20141226,
20141229,63.67
20141230,63.38
20141231,63.04
20150101,
20150102,63.27
20150105,63.34
20150106,63.57
20150107,63.27
20150108,62.67
20150109,62.34
20150112,62.09
20150113,61.97
20150114,62.09
20150115,62.06
20150116,61.87
20150119,
20150120,61.64
20150121,61.55
20150122,61.32
20150123,61.46
20150126,61.46
20150127,61.34
20150128,61.34
20150129,61.94
20150130,62.01
20150202,61.68
20150203,61.67
20150204,61.73
20150205,61.73
20150206,61.70
20150209,62.10
20150210,62.33
20150211,62.41
20150212,62.30
20150213,62.04
20150216,
20150217,62.14
20150218,62.25
20150219,62.08
20150220,62.19
20150223,62.15
20150224,62.07
20150225,61.84
20150226,61.74
20150227,61.67
20150302,61.87
20150303,61.76
20150304,62.30
20150305,62.26
20150306,62.45
20150309,62.67
20150310,62.71
20150311,62.76
20150312,62.44
20150313,63.06
20150316,62.80
20150317,62.64
20150318,62.69
20150319,62.56
20150320,62.47
20150323,62.22
20150324,62.40
20150325,62.35
20150326,62.83
20150327,62.50
20150330,62.52
20150331,62.31
20150401,62.14
20150402,62.13
20150403,61.99
20150406,62.16
20150407,62.23
20150408,62.22
20150409,62.18
20150410,62.21
20150413,62.38
20150414,62.25
20150415,62.34
20150416,62.28
20150417,62.48
20150420,63.07
20150421,62.92
20150422,62.96
20150423,63.27
20150424,63.55
20150427,63.34
20150428,63.05
20150429,63.38
20150430,63.58
20150501,63.63
20150504,63.64
20150505,63.31
20150506,63.57
20150507,64.08
20150508,63.73
20150511,63.96
20150512,64.19
20150513,63.88
20150514,63.47
20150515,63.36
20150518,63.66
20150519,63.80
20150520,63.75
20150521,63.51
20150522,63.43
20150525,
20150526,63.87
20150527,63.92
20150528,63.83
20150529,63.71
20150601,63.59
20150602,63.72
20150603,63.99
20150604,63.96
20150605,63.76
20150608,64.03
20150609,63.96
20150610,63.81
20150611,63.93
20150612,64.02
20150615,64.03
20150616,64.21
20150617,64.14
20150618,63.62
20150619,63.43
20150622,63.51
20150623,63.57
20150624,63.54
20150625,63.50
20150626,63.54
20150629,63.73
20150630,63.59
20150701,63.55
20150702,63.36
20150703,
20150706,63.24
20150707,63.51
20150708,63.47
20150709,63.31
20150710,63.33
20150713,63.43
20150714,63.27
20150715,63.48
20150716,63.43
20150717,63.45
20150720,63.61
20150721,63.57
20150722,63.60
20150723,63.86
20150724,64.04
20150727,64.24
20150728,63.76
20150729,63.83
20150730,64.09
20150731,63.87
20150803,63.99
20150804,63.71
20150805,63.73
20150806,63.67
20150807,63.74
20150810,63.77
20150811,64.33
20150812,64.80
20150813,65.27
20150814,65.02
20150817,65.39
20150818,65.44
20150819,65.17
20150820,65.49
20150821,66.02
20150824,66.80
20150825,66.07
20150826,66.11
20150827,65.99
20150828,66.14
20150831,66.39
20150901,66.34
20150902,66.16
20150903,66.07
20150904,66.70
20150907,
20150908,66.36
20150909,66.47
20150910,66.46
20150911,66.39
20150914,66.32
20150915,66.36
20150916,66.45
20150917,66.12
20150918,65.70
20150921,65.66
20150922,65.85
20150923,66.05
20150924,66.32
20150925,66.12
20150928,66.20
20150929,65.90
20150930,65.50
20151001,65.57
20151002,65.35
20151005,65.12
20151006,65.18
20151007,64.86
20151008,64.97
20151009,64.76
20151012,
20151013,65.06
20151014,64.87
20151015,64.77
20151016,64.70
20151019,64.90
20151020,64.97
20151021,65.19
20151022,64.91
20151023,64.87
20151026,64.83
20151027,65.03
20151028,64.89
20151029,65.35
20151030,65.40
20151102,65.58
20151103,65.57
20151104,65.46
20151105,65.85
20151106,66.13
20151109,66.38
20151110,66.19
20151111,
20151112,66.04
20151113,66.12
20151116,66.01
20151117,65.96
20151118,66.16
20151119,66.05
20151120,66.06
20151123,66.37
20151124,66.32
20151125,66.36
20151126,
20151127,66.86
20151130,66.43
20151201,66.46
20151202,66.53
20151203,66.82
20151204,66.65
20151207,66.74
20151208,66.77
20151209,66.83
20151210,66.70
20151211,67.10
20151214,67.09
20151215,66.79
20151216,66.60
20151217,66.32
20151218,66.23
20151221,66.19
20151222,66.19
20151223,66.04
20151224,66.00
20151225,
20151228,66.09
20151229,66.28
20151230,66.44
20151231,66.19
20160101,
20160104,66.56
20160105,66.49
20160106,66.71
20160107,66.73
20160108,66.82
20160111,66.78
20160112,66.85
20160113,66.74
20160114,67.37
20160115,67.74
20160118,
20160119,67.68
20160120,68.05
20160121,67.87
20160122,67.55
20160125,67.71
20160126,67.75
20160127,67.98
20160128,68.08
20160129,67.87
20160201,67.92
20160202,67.92
20160203,67.92
20160204,67.57
20160205,67.78
20160208,67.98
20160209,67.92
20160210,67.85
20160211,68.44
20160212,68.12
20160215,
20160216,68.48
20160217,68.33
20160218,68.54
20160219,68.54
20160222,68.53
20160223,68.55
20160224,68.53
20160225,68.84
20160226,68.82
20160229,68.21
20160301,67.75
20160302,67.40
20160303,67.15
20160304,66.90
20160307,66.97
20160308,67.30
20160309,67.07
20160310,67.20
20160311,66.93
20160314,67.15
20160315,67.33
20160316,67.24
20160317,66.61
20160318,66.34
20160321,66.45
20160322,66.58
20160323,66.82
20160324,66.82
20160325,66.82
20160328,66.58
20160329,66.46
20160330,66.37
20160331,66.25
20160401,66.34
20160404,66.05
20160405,66.40
20160406,66.49
20160407,66.70
20160408,66.49
20160411,66.33
20160412,66.35
20160413,66.62
20160414,66.56
20160415,66.49
20160418,66.42
20160419,66.12
20160420,66.12
20160421,66.43
20160422,66.60
20160425,66.65
20160426,66.40
20160427,66.52
20160428,66.39
20160429,66.39
20160502,66.36
20160503,66.51
20160504,66.63
20160505,66.53
20160506,66.52
20160509,66.70
20160510,66.58
20160511,66.53
20160512,66.70
20160513,66.84
20160516,66.78
20160517,66.74
20160518,66.95
20160519,67.57
20160520,67.42
20160523,67.47
20160524,67.59
20160525,67.28
20160526,66.90
20160527,66.96
20160530,
20160531,67.12
20160601,67.44
20160602,67.22
20160603,66.99
20160606,66.81
20160607,66.64
20160608,66.51
20160609,66.68
20160610,66.84
20160613,67.17
20160614,67.34
20160615,67.08
20160616,67.43
20160617,67.11
20160620,67.54
20160621,67.73
20160622,67.49
20160623,67.29
20160624,67.82
20160627,67.92
20160628,67.86
20160629,67.42
20160630,67.51
20160701,67.24
20160704,
20160705,67.40
20160706,67.45
20160707,67.49
20160708,67.13
20160711,67.11
20160712,67.05
20160713,66.99
20160714,66.81
20160715,67.07
20160718,67.14
20160719,67.14
20160720,67.18
20160721,67.15
20160722,67.19
20160725,67.41
20160726,67.34
20160727,67.14
20160728,66.96
20160729,66.77
20160801,66.63
20160802,66.65
20160803,66.80
20160804,66.76
20160805,66.84
20160808,66.82
20160809,66.76
20160810,66.72
20160811,66.75
20160812,66.82
20160815,66.85
20160816,66.83
20160817,66.96
20160818,66.83
20160819,67.13
20160822,67.18
20160823,67.09
20160824,67.14
20160825,67.01
20160826,66.98
20160829,67.15
20160830,67.14
20160831,66.94
20160901,66.85
20160902,66.60
20160905,
20160906,66.28
20160907,66.42
20160908,66.52
20160909,66.76
20160912,66.79
20160913,67.03
20160914,66.78
20160915,66.84
20160916,67.10
20160919,66.94
20160920,66.97
20160921,66.99
20160922,66.60
20160923,66.66
20160926,66.56
20160927,66.50
20160928,66.50
20160929,66.72
20160930,66.58
20161003,66.52
20161004,66.49
20161005,66.53
20161006,66.70
20161007,66.61
20161010,
20161011,66.81
20161012,66.85
20161013,66.84
20161014,66.69
20161017,66.80
20161018,66.71
20161019,66.64
20161020,66.83
20161021,66.94
20161024,66.89
20161025,66.80
20161026,66.83
20161027,66.85
20161028,66.78
20161031,66.72
20161101,66.70
20161102,66.66
20161103,66.68
20161104,66.75
20161107,66.73
20161108,66.39
20161109,66.48
20161110,66.86
20161111,
20161114,67.78
20161115,67.80
20161116,68.07
20161117,67.93
20161118,68.12
20161121,68.23
20161122,68.40
20161123,68.86
20161124,
20161125,68.59
20161128,68.56
20161129,68.64
20161130,68.56
20161201,68.29
20161202,68.04
20161205,68.06
20161206,67.72
20161207,67.50
20161208,67.42
20161209,67.51
20161212,67.38
20161213,67.47
20161214,67.43
20161215,67.91
20161216,67.82
20161219,67.83
20161220,67.97
20161221,67.82
20161222,67.86
20161223,67.84
20161226,
20161227,68.01
20161228,68.20
20161229,67.91
20161230,67.92
20170102,
20170103,68.37
20170104,67.90
20170105,67.74
20170106,68.12
20170109,68.08
20170110,68.25
20170111,68.39
20170112,67.99
20170113,68.16
20170116,
20170117,67.90
20170118,68.12
20170119,68.10
20170120,
20170123,68.11
20170124,68.12
20170125,68.04
20170126,68.17
20170127,68.06
20170130,67.80
20170131,67.48
20170201,67.40
20170202,67.20
20170203,67.18
20170206,67.20
20170207,67.35
20170208,67.04
20170209,66.71
20170210,66.80
20170213,66.99
20170214,66.88
20170215,66.85
20170216,67.12
20170217,67.09
20170220,
20170221,67.00
20170222,66.95
20170223,66.68
20170224,66.68
20170227,66.69
20170228,66.67
20170301,66.83
20170302,66.75
20170303,66.76
20170306,66.64
20170307,66.62
20170308,66.76
20170309,66.64
20170310,66.60
20170313,66.15
20170314,65.76
20170315,65.62
20170316,65.40
20170317,65.38
20170320,65.30
20170321,65.31
20170322,65.45
20170323,65.41
20170324,65.40
20170327,65.05
20170328,65.02
20170329,64.87
20170330,64.85
20170331,64.85
20170403,65.03
20170404,65.10
20170405,64.87
20170406,64.58
20170407,64.26
20170410,64.55
20170411,64.55
20170412,64.68
20170413,64.42
20170414,64.42
20170417,64.53
20170418,64.56
20170419,64.62
20170420,64.61
20170421,64.65
20170424,64.48
20170425,64.32
20170426,64.08
20170427,64.14
20170428,64.27
20170501,64.25
20170502,64.16
20170503,64.17
20170504,64.22
20170505,64.31
20170508,64.32
20170509,64.66
20170510,64.53
20170511,64.43
20170512,64.24
20170515,64.04
20170516,64.03
20170517,64.11
20170518,64.87
20170519,64.56
20170522,64.53
20170523,64.85
20170524,64.74
20170525,64.55
20170526,64.50
20170529,
20170530,64.66
20170531,64.50
20170601,64.39
20170602,64.41
20170605,64.34
20170606,64.42
20170607,64.39
20170608,64.24
20170609,64.24
20170612,64.48
20170613,64.33
20170614,64.23
20170615,64.58
20170616,64.50
20170619,64.45
20170620,64.54
20170621,64.52
20170622,64.60
20170623,64.47
20170626,64.43
20170627,64.47
20170628,64.55
20170629,64.66
20170630,64.62
20170703,64.84
20170704,
20170705,64.80
20170706,64.72
20170707,64.62
20170710,64.45
20170711,64.54
20170712,64.53
20170713,64.46
20170714,64.38
20170717,64.34
20170718,64.32
20170719,64.24
20170720,64.37
20170721,64.38
20170724,64.39
20170725,64.38
20170726,64.32
20170727,64.11
20170728,64.11
20170731,64.18
20170801,64.06
20170802,63.64
20170803,63.67
20170804,63.64
20170807,63.83
20170808,63.69
20170809,63.86
20170810,64.05
20170811,64.14
20170814,64.08
20170815,64.12
20170816,64.16
20170817,64.15
20170818,64.10
20170821,64.10
20170822,64.07
20170823,64.04
20170824,64.04
20170825,64.00
20170828,63.90
20170829,64.02
20170830,63.98
20170831,63.93
20170901,64.02
20170904,
20170905,64.12
20170906,64.06
20170907,64.01
20170908,63.78
20170911,63.93
20170912,64.03
20170913,64.00
20170914,64.12
20170915,64.10
20170918,64.15
20170919,64.30
20170920,64.29
20170921,64.80
20170922,64.79
20170925,65.12
20170926,65.46
20170927,65.71
20170928,65.46
20170929,65.30
20171002,65.28
20171003,65.48
20171004,65.02
20171005,65.14
20171006,65.39
20171009,
20171010,65.24
20171011,65.15
20171012,65.05
20171013,64.70
20171016,64.70
20171017,65.02
20171018,65.06
20171019,64.99
20171020,65.03
20171023,65.02
20171024,65.10
20171025,64.92
20171026,64.84
20171027,65.04
20171030,64.83
20171031,64.75
20171101,64.56
20171102,64.57
20171103,64.56
20171106,64.62
20171107,65.03
20171108,64.94
20171109,64.96
20171110,
20171113,65.46
20171114,65.41
20171115,65.26
20171116,65.32
20171117,65.01
20171120,65.10
20171121,64.91
20171122,64.87
20171123,
20171124,64.67
20171127,64.47
20171128,64.40
20171129,64.29
20171130,64.46
20171201,64.50
20171204,64.36
20171205,64.38
20171206,64.53
20171207,64.57
20171208,64.43
20171211,64.35
20171212,64.39
20171213,64.45
20171214,64.36
20171215,64.04
20171218,64.23
20171219,64.02
20171220,64.11
20171221,64.02
20171222,64.02
20171225,
20171226,64.08
20171227,64.15
20171228,64.07
20171229,63.83
20180101,
20180102,63.46
20180103,63.50
20180104,63.40
20180105,63.38
20180108,63.48
20180109,63.66
20180110,63.58
20180111,63.65
20180112,63.61
20180115,
20180116,64.01
20180117,63.88
20180118,63.87
20180119,63.84
20180122,63.88
20180123,63.76
20180124,63.69
20180125,63.52
20180126,63.58
20180129,63.57
20180130,63.65
20180131,63.58
20180201,63.97
20180202,64.11
20180205,64.06
20180206,64.23
20180207,64.23
20180208,64.27
20180209,64.37
20180212,64.29
20180213,64.27
20180214,64.10
20180215,63.93
20180216,64.21
20180219,
20180220,64.83
20180221,64.76
20180222,65.01
20180223,64.71
20180226,64.78
20180227,64.84
20180228,65.20
20180301,65.20
20180302,65.24
20180305,65.06
20180306,64.90
20180307,64.86
20180308,65.15
20180309,65.12
20180312,65.00
20180313,64.85
20180314,64.84
20180315,64.94
20180316,64.97
20180319,65.21
20180320,65.19
20180321,65.20
20180322,65.10
20180323,64.98
20180326,64.83
20180327,64.98
20180328,65.15
20180329,65.12
20180330,65.11
20180402,65.11
20180403,65.00
20180404,65.08
20180405,64.92
20180406,64.95
20180409,64.95
20180410,64.95
20180411,65.26
20180412,65.28
20180413,65.27
20180416,65.46
20180417,65.66
20180418,65.62
20180419,65.79
20180420,66.15
20180423,66.42
20180424,66.36
20180425,66.92
20180426,66.80
20180427,66.68
20180430,66.50
20180501,66.52
20180502,66.71
20180503,66.68
20180504,66.83
20180507,67.13
20180508,67.12
20180509,67.25
20180510,67.24
20180511,67.28
20180514,67.55
20180515,68.07
20180516,67.77
20180517,67.76
20180518,68.04
20180521,68.11
20180522,68.04
20180523,68.38
20180524,68.32
20180525,67.78
20180528,
20180529,67.78
20180530,67.46
20180531,67.40
20180601,66.99
20180604,67.05
20180605,67.12
20180606,66.87
20180607,67.20
20180608,67.56
20180611,67.46
20180612,67.48
20180613,67.60
20180614,67.62
20180615,68.06
20180618,68.10
20180619,68.30
20180620,68.06
20180621,67.94
20180622,67.88
20180625,68.09
20180626,68.31
20180627,68.63
20180628,68.81
20180629,68.46
20180702,68.78
20180703,68.58
20180704,
20180705,68.89
20180706,68.80
20180709,68.66
20180710,68.76
20180711,68.70
20180712,68.52
20180713,68.44
20180716,68.60
20180717,68.42
20180718,68.62
20180719,69.01
20180720,68.74
20180723,68.84
20180724,68.94
20180725,68.72
20180726,68.66
20180727,68.60
20180730,68.60
20180731,68.54
20180801,68.37
20180802,68.63
20180803,68.54
20180806,68.82
20180807,68.62
20180808,68.65
20180809,68.74
20180810,68.88
20180813,70.02
20180814,69.95
20180815,69.92
20180816,70.19
20180817,70.09
20180820,69.84
20180821,69.85
20180822,69.85
20180823,70.09
20180824,69.96
20180827,70.16
20180828,70.09
20180829,70.53
20180830,70.74
20180831,71.00
20180903,
20180904,71.58
20180905,71.75
20180906,71.94
20180907,71.78
20180910,72.45
20180911,72.69
20180912,72.15
20180913,72.02
20180914,71.87
20180917,72.51
20180918,72.98
20180919,72.35
20180920,72.01
20180921,72.18
20180924,72.66
20180925,72.68
20180926,72.59
20180927,72.55
20180928,72.54
20181001,72.92
20181002,72.91
20181003,73.34
20181004,73.62
20181005,73.76
20181008,
20181009,74.33
20181010,74.25
20181011,74.04
20181012,73.60
20181015,73.76
20181016,73.46
20181017,73.52
20181018,73.52
20181019,73.37
20181022,73.56
20181023,73.54
20181024,73.18
20181025,73.21
20181026,73.46
20181029,73.42
20181030,73.62
20181031,73.95
20181101,73.45
20181102,72.44
20181105,73.08
20181106,72.95
20181107,72.44
20181108,72.37
20181109,72.48
20181112,
20181113,72.61
20181114,72.30
20181115,71.97
20181116,71.98
20181119,71.60
20181120,71.49
20181121,71.30
20181122,
20181123,70.65
20181126,70.81
20181127,70.80
20181128,70.63
20181129,69.79
20181130,69.62
20181203,70.40
20181204,70.52
20181205,
20181206,70.84
20181207,70.85
20181210,72.44
20181211,72.27
20181212,71.79
20181213,71.52
20181214,71.94
20181217,71.60
20181218,70.61
20181219,70.26
20181220,69.96
20181221,70.09
20181224,
20181225,
20181226,70.07
20181227,70.34
20181228,69.92
20181231,69.58
20190101,
20190102,70.02
20190103,70.12
20190104,69.63
